42.88849919,-1.490782572,46.64108467,1.973088836,0.32708317,4.483674426,9.928139134,1.340584891,19.08426561,0.649190328,30.54672157,788.643349,16.45752828,2.798976255,-0.209068341,22.26140302,-0.025076594,6.819496757,-0.322514037
57.5076568,-1.834930048,47.83987268,2.145067133,0.385848594,6.279246098,9.480640302,1.375883169,18.27653477,1.398112666,32.6992493,775.3344991,16.1615334,3.659014922,0.470750072,19.85850094,-0.027656496,6.480265213,0.084226777
34.96759954,-0.79476587,46.72457298,1.868202977,0.369909264,3.928414412,10.30139424,1.344425455,14.4293118,-0.063466447,29.23975728,789.3444378,16.41476378,2.841120637,-0.516888137,16.38545633,0.023086468,7.035425484,-0.328850542
27.97422264,-0.692912616,50.30051088,2.031370413,0.40394731,5.337519575,10.02780254,1.279325868,17.67919575,0.113772409,29.43506307,873.3845241,15.46693402,3.417525706,-0.041974836,12.72768705,0.018808337,7.216848167,-0.266533179
21.46120656,-0.420955593,48.32403115,1.895361783,0.405218308,4.577705585,10.13125911,1.255867301,15.70514591,-0.235705523,29.90015027,862.0503598,15.58637564,3.298984611,-0.673895706,7.187798587,0.029643682,7.076976145,-0.409041923
27.19785397,-0.952279649,49.90726772,1.865016201,0.284113503,3.949678511,8.886999333,1.310084882,9.141345262,-0.565121429,26.0749632,763.5091229,15.31910783,2.822344536,-1.231236755,7.750341027,-0.013006829,5.884867931,-1.302922087
37.85912,-2.60915518,26.70664346,1.473465818,0.075774238,4.626888978,9.330565465,1.174463165,11.68889417,-0.32665516,31.87575547,570.2848557,14.96747238,1.798253535,-1.661225947,11.27445706,-0.050985155,5.506634311,-0.469162126
32.92180877,-0.269123866,53.74330988,2.226918767,0.461710133,3.870800344,9.516821499,1.281947884,12.98993558,0.401844754,26.84544019,781.6000693,14.53280206,3.709007004,-0.0636208,16.40292386,0.01097049,6.412972613,-0.543212461
21.69714968,-0.61527123,46.46150411,1.474995058,0.259811869,4.355539248,8.943379325,1.240293248,12.0432935,-1.207637727,28.2374602,833.7299822,14.52260938,2.507835159,-1.466850235,2.891096291,-0.056970349,6.971462994,-1.173867833
24.35935329,-1.042117004,44.16059166,1.513712215,0.183728422,4.868609807,8.900054176,1.129736133,16.79067153,-1.169366842,28.87418807,893.3105143,13.56800959,2.027311001,-1.112113683,5.493986176,-0.082072461,6.820681216,-0.81847114
19.49901109,0.663759413,48.49438821,1.544904757,0.188026521,4.984979434,7.804146428,1.105342888,15.23169952,-1.293687447,29.28611346,884.3227248,13.03395485,2.454566432,-1.161034917,2.727631709,-0.087144802,7.150137237,-1.323837223
12.86378654,-0.929139853,50.0234137,1.371433902,0.200711857,4.320262606,7.908919824,1.221011088,6.91871144,-1.073040693,24.79550742,745.7880508,14.22872487,3.316861859,-1.932441329,2.416642972,-0.050503839,4.875886014,-1.624164224
29.3009135,-2.841392145,24.87041686,1.463707514,-0.06476584,4.655710194,8.04217091,1.039531518,11.89675057,-1.266429217,29.26305441,515.741572,12.55134326,1.432405367,-2.268937334,9.599625456,-0.142857961,5.809262394,-0.894343161
15.46404015,-0.162667276,55.31970599,2.020053542,0.351536591,3.959390966,8.983505908,1.239461264,6.813379634,-0.177468241,24.18133708,704.0086064,14.15305461,3.707131038,-1.05534188,7.650901772,0.004014567,5.005376325,-0.985847068
13.67882581,-0.381420472,49.79192307,1.234002169,0.170309717,4.605972612,6.571448679,1.152083201,8.633077333,-1.757681303,25.74318381,807.9886132,13.64190773,2.949067411,-1.77181003,0,-0.108225081,6.004984954,-1.968052869
25.01068153,0.277092506,51.98818408,1.61156381,0.2725733,6.361178202,8.204791401,1.107050007,19.23115476,-0.884768412,28.48421687,899.8406941,14.18230642,3.179628971,-0.155402529,6.200956816,-0.064415856,6.909843943,-0.579523696
30.86440264,0.241515128,57.56486072,2.329869908,0.473760625,4.604081443,9.627073454,1.268178291,11.54055715,0.119239357,26.35750799,784.128398,14.79502444,3.908529891,0.208243726,14.84981426,0.029507261,6.242581591,-0.195762354
16.3696959,3.790437192,54.24839593,1.349229206,0.559445738,5.50361839,9.046097006,1.098638552,16.39164645,-1.068980056,28.46602305,1045.224992,16.67508932,4.519642718,-0.313217092,0,0.044468225,7.282221486,-0.672677471
15.34633025,1.360333334,52.48413384,1.825802982,0.395128402,4.43525525,9.637613565,1.21858586,7.900213611,-0.653437153,25.03802601,740.9925922,14.87656487,4.11784772,-1.158029898,2.865147863,0.063586849,5.765431049,-0.822201295
20.61745725,-1.583485436,36.10242687,1.735777619,0.118689064,5.314804963,7.744681027,1.073451302,15.17897294,-1.24719681,27.94920047,659.6191647,14.73564414,2.638671261,-1.368564886,9.921548858,-0.133230641,6.461546045,-0.443708831
17.0930385,3.366647044,58.07491827,1.594190169,0.566752035,6.616228926,9.377874634,1.096635289,18.39126365,-0.871702586,30.00057361,1059.347072,15.9152594,4.722925795,0.281511982,3.16873092,0.055467341,7.43491883,-0.333854862
16.82242954,1.481861058,54.61221443,1.778509109,0.4797857,6.904935236,9.304748972,1.102700839,15.43875416,-0.842427824,29.6743134,871.9042176,15.63726394,3.957744107,-0.460159985,7.008520333,0.032409524,7.006264587,-0.370681734
23.10272357,0.461545066,57.11220364,2.34944303,0.394304047,4.17366488,9.503195326,1.302375808,9.419000447,-0.092488927,25.14921774,724.748035,15.30987353,3.951643201,-0.125319915,12.70579046,0.01909392,5.555680012,-0.529844032
12.39907443,-0.145124615,47.54078366,1.660816376,0.276007203,4.941630776,8.363186499,1.207580152,8.439844373,-1.09682364,23.9052294,714.286476,13.74405398,3.764654821,-1.19195662,1.985520094,0.005425325,5.541593424,-1.271923035
22.3245541,0.417822879,49.93668366,1.721697626,0.446264511,5.740761451,8.704373704,1.159003408,13.37741193,-0.741363664,26.05160404,843.4548191,14.58086446,4.0189989,0.019712984,2.797600133,0.032694756,6.518168347,-0.922280653
23.94429506,0.964555369,55.32763808,1.963662857,0.554039368,6.428839394,9.635286111,1.158051004,14.66076613,-0.60048529,29.90007817,887.1549103,16.85241326,4.283179063,0.525994158,6.484387808,0.066992711,7.224003283,-0.308823845
25.6243682,0.656656508,57.87600479,2.097244504,0.400927023,4.469115944,9.901307348,1.225116601,11.32034429,-0.44878757,26.61291759,729.0339719,14.27053724,3.888147195,-0.585079824,8.035021887,0.061519554,6.897037138,-0.578447853
25.56235619,0.701692061,57.86742113,2.480013443,0.413904743,3.664260935,9.985351111,1.360856878,10.43937087,-0.058780711,24.83715123,759.3974952,16.18271529,4.190072871,0.218790256,15.58687793,0.060113431,5.897520604,-0.635256671
13.02074135,-0.989739587,45.46432464,1.887253813,0.232038129,4.665398193,8.484644557,1.235086026,7.03293476,-0.720925735,22.5786648,655.7733537,12.65528044,3.539079206,-1.015337594,5.439651052,-0.001675586,4.87507456,-1.052314098
23.89442693,-0.143798114,48.53967587,1.952885954,0.411559919,4.667746675,9.356258782,1.211558337,9.96066714,-0.502434412,24.98129689,738.5602376,15.2746931,3.853938507,-0.034482738,8.274210919,0.0567054,6.741104152,-0.745777713
21.40750384,-0.376157348,49.83895159,2.013991247,0.329557568,3.639903124,9.256218988,1.287300603,9.362961983,-0.492024716,23.17070564,724.0009589,14.69303655,3.757640046,-0.431722124,13.52285548,0.00636443,5.336582805,-1.085741034
38.96084476,-0.152152424,55.14611092,2.254617412,0.521622684,6.801436246,9.30177267,1.375530465,15.29294988,1.090899405,30.03097343,853.1629656,20.51657255,4.125373167,0.948003369,20.83698418,0.074667833,6.590803908,1.807506891
34.371124,0.603068194,58.24114649,2.374464202,0.518962998,5.851169497,9.883781389,1.339771183,13.59802303,0.429120109,27.8754087,848.9009453,19.3059448,4.093546,1.108190676,16.76373319,0.121775756,6.834052373,1.467782304
30.01755152,-0.740680797,51.57924281,1.975980861,0.380723291,9.387605503,11.09436562,1.133895812,18.99242643,0.735700755,33.42257427,833.2092884,16.92526054,3.003630443,0.070806102,16.10093693,0.055657013,7.343100112,2.828405862
36.9408325,-0.580519891,52.1237351,2.370999093,0.534766064,9.527740216,10.12768967,1.295395558,18.37302685,1.841841836,35.06524926,887.7789148,18.05921745,3.695898534,1.418775443,29.65115725,0.044844045,7.442614502,2.902067784
20.7500894,-1.441297769,49.15274549,1.983802224,0.273300934,9.174353651,10.34378062,1.060545488,14.41947796,-0.504626465,32.52239344,764.6995157,12.69628129,2.470458987,-0.337959752,16.48709169,-0.011907344,7.068026346,1.355474546
34.03481389,0.587562089,60.68810399,2.492604653,0.507628755,5.092570183,10.19997318,1.392882468,11.60311014,0.536742864,27.18036277,786.1395723,18.16308226,4.128336832,1.236862743,21.28954531,0.090702987,6.441982591,0.460193389
24.01056227,-1.356139295,53.26319193,1.992391215,0.259946338,6.632789265,9.840028685,1.03904138,13.3053285,-0.835007712,31.21911399,764.0348554,14.25991279,2.053249427,-0.748259366,13.41091867,-0.038838719,7.347536918,0.350184574
37.26083302,0.345377643,56.03235062,2.46728552,0.493014432,6.732743573,9.668832158,1.340080388,14.87955785,0.422037077,30.81733041,904.6423093,17.89707424,3.845604683,1.9967867,25.52262978,0.113905552,6.928995396,1.336955852
27.98401564,1.018409561,54.07917294,2.241855921,0.490602367,4.669706881,10.63565248,1.457041979,9.551333787,0.128636303,26.00653486,680.042673,20.12862363,4.057923722,0.833993099,21.13761294,0.166237278,5.798893384,1.046635987
33.79954459,0.553596587,55.66973667,2.517137152,0.500845832,6.222967326,9.640982831,1.291190499,16.91337177,0.309428176,31.00657657,926.1696259,16.91255036,3.852305718,1.863392975,24.47927536,0.108145268,7.349890476,1.433226196
32.32100894,1.11178935,53.91725602,2.45219526,0.503078264,5.001068753,10.61749215,1.493266859,11.67839678,0.503554083,26.29721603,741.9316248,18.76290011,4.342425744,1.309195433,25.02857931,0.1681573,5.780715843,0.628631293
23.44523872,1.189200038,47.58726188,1.862078104,0.43861318,4.210601661,11.30027368,1.416965106,7.085263494,-0.234989366,25.35590608,676.4467272,18.76172935,3.818584716,-0.005155565,18.93444534,0.201150226,5.812512593,0.851142731
18.41584517,0.32330057,45.86640367,1.824432784,0.296365794,4.710963331,10.90415109,1.421920494,5.260272977,-0.356127366,24.19300636,584.5338912,17.75281298,3.977600056,-0.563351671,13.09785169,0.136241051,4.605779915,-0.097212875
24.80529198,1.129755091,43.96638518,1.620055326,0.397543562,4.730430333,10.6662974,1.263797702,9.662356391,-0.379718955,27.51322419,806.5776033,16.27119795,3.335163863,-0.092615575,14.98345071,0.180143453,6.841905129,1.675225249
27.23098788,0.523137918,47.05992004,2.065491776,0.420217073,4.716733287,10.56516627,1.420319221,9.198213203,0.29834628,25.3414142,733.262643,16.73256068,4.088352034,0.120286702,18.73652919,0.134709007,6.284208717,0.423800625
20.66959307,0.712914992,47.35445621,1.736910258,0.342625278,4.16444857,10.91960664,1.315983778,8.912740423,-0.565678146,25.2684976,668.8282757,17.70439431,3.497546362,-0.600299867,16.47115356,0.129759229,5.954426092,0.915060679
22.04256221,0.421391514,43.79813251,1.493524365,0.358874276,4.771363508,10.28939406,1.242191745,8.416083733,-0.367990884,27.51181995,757.4570324,15.62822928,3.361795949,-0.317961899,11.18172602,0.161159938,6.319471856,1.046496802
23.80517517,-0.076216824,49.15341239,1.919607982,0.40254121,6.722034725,10.78692977,1.384815646,12.87959402,-0.34122047,30.56491554,744.8057301,23.12893585,3.921182873,0.516644162,24.60425392,0.171728078,6.609433387,2.187563934
20.23824051,0.246284921,40.00505582,1.428195309,0.316399436,3.999948372,10.4455215,1.17854792,9.650686733,-0.803540917,27.29250904,686.5845495,15.80128458,2.925379696,-0.718807025,14.10755424,0.134027897,6.715975391,1.318572135
16.10713072,-0.375310099,40.67712422,1.400651671,0.195093719,4.687806659,9.43086387,1.291432104,7.113172752,-0.828526622,23.95933421,638.9915687,14.07530461,3.083811705,-1.432676034,8.445469789,0.059877455,5.306418668,-0.410413419
18.345921,-1.075205269,39.41946162,1.598537156,0.192507431,4.586634487,8.939788716,1.315401938,6.641240315,-0.580911707,23.05537405,600.9250642,13.21210364,3.134558758,-1.202149579,13.02532957,-0.016063808,4.788058515,-0.669043261
19.68157168,0.114083977,37.44455636,1.348103414,0.355354874,4.73524733,10.16426966,1.191851604,8.916788302,-0.600807127,26.18867273,667.6873505,15.12614866,3.299760135,-0.772176018,8.460030705,0.196359695,6.732003894,1.517620325
25.14627787,-0.357579664,38.25351729,1.673717829,0.427823628,5.380325446,10.2045431,1.352935859,13.08770275,-0.365540265,28.62150237,680.6306959,20.75843388,4.187161177,0.35744948,20.58593715,0.13634811,6.508656374,0.566230191
22.1172334,-0.480125791,41.66092242,1.595603354,0.339875206,5.298110848,9.565518284,1.283914604,9.769231233,-0.877720953,28.65766059,680.1877441,20.27888023,3.574742001,-0.474315668,17.28833928,0.213480172,6.588654716,1.41894289
26.28588623,0.280468278,49.21749595,1.752371635,0.354965701,4.478350147,10.16699427,1.286978145,11.54819332,-0.723452613,26.44501594,731.8589192,21.49512678,3.518306707,-0.055191622,24.34833851,0.183457483,6.745136919,1.320843863
15.85240205,-0.42864569,38.2506889,1.390853048,0.269891656,3.851958816,10.17225272,1.250598281,6.794800323,-0.981554949,22.83774516,602.1103481,16.08652587,3.047613043,-1.453186288,11.45648892,0.130071023,5.964174333,0.565782271
21.99939049,-0.80828025,46.03378556,1.909283861,0.267289636,3.574842211,8.875762682,1.245496327,8.453957544,-0.566434507,22.3939745,649.5681463,14.38894522,3.288908896,-0.862203811,17.35902381,-0.026337866,5.783084671,-0.760638887
16.43659101,-0.58111566,36.67971367,1.299236593,0.251582522,4.645553981,9.700709605,1.174261452,7.776389258,-0.966955315,24.36733919,638.5293168,14.99766851,2.972105234,-1.4480841,7.312380629,0.165010738,6.187661474,0.534578396
20.64438035,-0.929466742,35.95041893,1.493253281,0.272482659,4.346384462,9.19867079,1.207086485,8.18671737,-0.747036418,22.76897753,624.1402532,14.88914627,3.344385701,-1.089058384,13.71323595,0.061818042,5.217405282,-0.681446207
21.61721217,-0.118256133,48.49832119,1.66105417,0.342043359,3.566242709,10.32802008,1.228310702,8.822821848,-0.878908058,22.96634959,685.2112729,17.14147112,2.830936668,-0.795473001,21.26522119,0.071347804,5.934474147,-0.018639241
17.0246268,-0.412597707,30.45376287,1.164761358,0.24419766,3.904425628,9.988318846,1.127436783,7.190939735,-1.221069958,23.88535845,620.0625685,14.4786311,2.557558935,-1.685124319,10.50267617,0.182715508,6.435960145,1.170836808
23.05649557,-1.14073985,32.89784453,1.347262432,0.226816272,4.449899404,8.857337343,1.233878532,7.744847825,-0.984547897,20.6927223,619.8669272,16.20202312,3.409084119,-0.916684059,14.18920615,0.123863341,6.159531651,0.002795238
20.30411849,-0.739364268,35.15577414,1.281040074,0.22922448,4.24861595,8.792184253,1.191568937,7.207913386,-1.308217728,21.91731328,638.9576876,17.88645869,3.043508664,-1.19037277,13.28366418,0.220288097,6.425490132,0.913704534
20.83608724,-0.570625205,41.84196827,1.503859036,0.263131701,3.412356674,9.970039007,1.206338346,7.022022556,-1.015542453,19.83136165,639.574623,18.45048027,2.8929399,-1.174685114,20.53466764,0.087898837,5.234535117,-0.354170076
18.09861547,-0.366605324,32.88971569,1.123913555,0.262432982,4.374888785,9.71484657,1.154012388,6.581350313,-1.119881251,22.22415342,657.4354317,15.46965822,2.984214089,-1.425598657,7.250987524,0.218489602,5.576196187,0.308043666
20.96017105,-1.06640278,35.2202845,1.463346457,0.285945351,4.306862968,9.376588791,1.207898248,7.526027384,-0.861219067,20.47823875,621.197735,15.3766063,3.371420669,-1.306169872,14.24664353,0.088203954,5.098351256,-0.678618119
15.99850692,-0.49133794,30.67214402,1.121674052,0.224482533,4.071507433,9.715225238,1.17483853,4.651682039,-1.203362735,19.73930473,599.0737838,15.74300735,2.919473606,-1.681804672,9.075867098,0.265157857,6.263364712,1.06489882
39.99173216,-0.956514264,53.4588852,2.411501651,0.430413284,4.103516237,9.142252334,1.323251765,16.23744623,1.019937082,29.9933148,791.5919048,14.38066084,3.624118553,-0.047123612,24.6190739,-0.033848194,6.857813543,-0.412520624
39.00779424,-0.603433882,56.95374109,2.519016734,0.484223794,3.680952087,9.414737983,1.313055593,14.58663599,0.967291532,28.13158923,767.1476445,14.62990387,3.747898722,0.190090588,21.95882288,-0.002027061,6.850619193,-0.534523542
33.19779201,0.241843111,62.50303977,2.744252064,0.555930717,3.91676888,9.834959383,1.355210671,12.43341598,1.174504446,26.28540802,757.8838941,16.14335325,4.201449487,0.733519217,22.11278913,0.053483724,6.205924348,-0.23568201
35.61859677,0.297501957,59.45485056,2.505311756,0.479668759,4.872750683,9.765615603,1.29503873,13.92556908,0.363201024,27.39546752,775.1926659,14.98825653,3.903830051,0.824830584,22.06230202,0.007596287,6.564039031,-0.062060185
24.80751738,-0.056370939,50.79622967,2.12453915,0.421874471,3.830677297,10.19248159,1.207078085,12.12209492,-0.4645671,28.60218527,719.7675611,13.90013279,3.477513629,-0.594999007,13.14875534,0.029180302,7.537090425,-0.364413169
30.04599724,-0.081564937,52.52300671,2.250240706,0.285789538,4.054685598,9.358143286,1.372950906,11.0481278,-0.15578029,24.4556084,717.7219413,14.14006815,3.319529846,-0.163375495,24.57771992,-0.028597196,5.380694497,-0.656626629
25.53420974,0.178366913,49.47059714,2.090071716,0.46419788,3.348183275,10.2682313,1.242847792,11.75547278,-0.304890127,25.85157948,746.8593104,15.35744761,3.768910227,-0.328385712,15.66619252,0.050948157,7.04434943,-0.53181455
29.56692102,-0.087231405,46.05583635,2.029200531,0.409569007,4.372795273,10.06974537,1.287907999,11.32073738,0.133842319,26.93950007,700.5237231,14.69564332,3.639095191,-0.023786415,21.47877295,0.060287716,6.713976746,-0.103102965
25.66021366,-0.652611634,52.470349,2.194878834,0.325768592,3.573519161,9.607095187,1.149768561,13.32305543,-0.682976187,29.08403937,739.5343632,12.59229277,2.878316271,-0.696870832,19.27906941,-0.014825338,6.95483403,-0.240977871
26.97866779,0.232544401,46.45103061,2.008331519,0.461848492,3.217026507,10.27148284,1.242519067,11.82226056,-0.218538937,24.84970318,726.1307271,15.75169486,3.880560065,-0.261601441,16.8038608,0.049337012,6.879560703,-0.569494258
26.75649682,-0.46028773,43.95035812,1.967377672,0.366118864,4.068762494,9.701101828,1.247667548,11.68361484,-0.191298262,26.89481879,703.7328455,14.73364555,3.576655697,-0.541361553,19.8834119,0.018011607,6.163988421,-0.613928767
25.66965679,-0.149119698,42.35014537,1.920696793,0.390405506,3.159330121,9.703667112,1.284178118,10.41027709,-0.066676202,23.00412088,702.4806153,15.45710823,3.830524063,-0.389215583,18.57374598,-0.010306475,5.121417655,-0.932084549
19.13246971,-1.142327375,48.88986377,1.99569455,0.167926821,2.971844474,8.183069583,1.227213693,7.90035975,-0.875083735,21.24478442,631.3662573,13.32509983,3.2635956,-0.696633161,14.64085297,-0.098754568,5.042074722,-0.873772036
17.08670314,-1.298765498,46.5139671,1.952140847,0.226332788,3.006302211,8.577055327,1.250475847,6.556629941,-0.65844261,20.839314,630.2133356,13.61934649,3.196048052,-1.085023166,14.89682928,-0.090354389,3.973486127,-1.152719207
24.79689131,-1.157435875,44.21062981,1.983843529,0.288715808,3.289788786,8.808130835,1.288098859,9.807785081,-0.5052389,21.17380192,633.8753237,15.92849333,3.74818685,-0.229854025,19.05600091,-0.014974773,6.132675622,-0.828362131
21.89674668,-0.882915257,45.28603268,1.987848618,0.312704075,3.246653526,9.325569241,1.278443021,8.870932625,-0.441243504,21.07741369,656.622783,15.27515106,3.735943564,-0.656383093,18.71053577,-0.011701661,5.751521281,-0.878418294
21.09650666,-1.340007508,40.95501194,1.754248253,0.221907026,3.924171839,8.697514003,1.271062281,6.272882651,-0.707143832,19.11559769,576.4132,15.65269545,3.675258096,-0.829535524,19.05651815,-0.008924415,5.53499605,-0.774119366
25.15405975,0.986660613,54.0531186,1.857186078,0.41908312,3.624391909,11.01956002,1.294969827,10.439538,-0.623404533,25.42833653,729.0318169,18.44636394,3.312162564,-0.008670434,23.22217693,0.07720438,6.496162324,0.400681922
26.95143584,0.533655042,52.64631761,1.930011299,0.4020639,3.485983869,10.81269634,1.2301227,12.34126474,-0.710795741,26.44831269,752.8418049,17.69354819,3.098355074,-0.203892584,25.15737288,0.033062223,6.811023159,0.225578131
24.28675207,0.170701209,56.49618154,1.906634292,0.333537394,3.837599847,10.53582216,1.164133369,12.46674059,-0.89356558,28.18810509,786.062296,16.97139841,2.25131455,-0.338762594,23.29470111,0.029800102,6.957980423,0.674761541
24.48189698,0.003110842,53.26943325,1.884265787,0.365842022,3.063922654,10.43253164,1.268880692,9.600967847,-0.711006192,21.98313205,661.1171712,18.13947742,3.316932926,-0.600920052,24.94940455,-0.027425169,5.675223779,-0.825683115
28.41702617,1.009905791,58.18202252,2.169811159,0.460449405,4.169999417,11.0257857,1.284407015,10.98730916,-0.427941217,27.92391779,771.5410849,17.62315297,3.400776887,0.282890423,25.84057099,0.062311725,6.395190242,0.362225852
25.64004328,1.226290125,57.59203584,2.06935369,0.453947469,3.971484744,11.32683853,1.331023639,10.14241984,-0.457439527,25.6388815,698.7061843,19.06943163,3.677170488,0.133603703,23.54031193,0.09423805,5.878320258,0.209028967
31.79007793,0.466626481,56.37331758,2.572534216,0.47894035,4.770717446,9.996452726,1.381162361,13.92472447,0.452593699,28.39224996,815.7974518,17.22413765,3.93050724,1.313698112,25.27795695,0.071788501,6.839253706,0.525589035
32.34823607,0.95095243,61.43271174,2.679764161,0.511269084,4.176345361,10.44840843,1.437224457,11.17778803,0.73670549,26.06559059,775.2827541,16.8062737,4.210840383,1.043795178,26.91433849,0.062290757,6.288198878,0.004263428
27.27248449,0.509798181,57.49865195,2.575122967,0.352838953,4.277416613,10.20493024,1.443761436,9.845625468,0.197178452,25.15556379,709.9191294,16.48330589,3.958651558,0.36856318,25.06980888,0.055955235,4.990825071,-0.125942555
29.22177042,0.778297976,60.35995866,2.677834374,0.359441384,3.690370059,10.02818517,1.45686407,10.88356302,0.331060859,24.69094832,749.5468975,16.28309168,3.979973164,0.94301187,27.00539153,0.016340053,5.133574179,-0.237237236
30.93245156,0.30823999,64.44551666,2.756910446,0.494378926,4.55998718,9.792385197,1.342450663,12.43409361,0.878458821,26.91353966,771.91471,16.13967574,4.061948412,0.915028217,22.40169803,0.022888581,6.183150828,-0.180637564
48.85005451,-1.597772034,40.57395088,2.199594134,0.415036558,8.046831154,7.988820267,1.427345387,14.46157963,1.76604414,29.81338684,666.2789107,18.35083433,3.356780543,-0.60930186,27.55630394,-0.061256814,5.981343701,-0.097484942
54.50291834,0.088731501,44.03769492,2.282091406,0.634746198,9.301746789,9.747583674,1.528744249,21.45131037,4.093973741,37.04250273,730.9802407,26.15738915,4.367161745,0.946152782,33.34063468,0.04220314,7.250678894,2.873322574
34.57542001,0.566960788,53.72268454,2.235029289,0.49453903,6.746437548,10.65552534,1.274627081,18.12183693,1.144233678,35.01322612,937.2599971,17.57980888,3.189838286,1.051236201,33.60205078,-0.025056376,7.639420598,0.792432238
43.66724507,-0.600893392,49.44280325,2.35605098,0.595337445,9.433811589,10.11169933,1.394892838,22.78350877,3.709828135,36.83765317,837.2005296,23.43378506,4.335549796,0.476728206,29.72618603,0.025899388,6.995898213,3.468380178
27.90696541,-0.156717277,58.88203343,2.322708376,0.517493054,6.624581704,10.84957978,1.251376146,15.83956597,1.654447265,36.2535417,909.5497886,18.0940939,3.040166025,0.799165135,31.09705945,-0.049650827,7.859474483,1.348041968
35.6225847,0.122313323,57.73191644,2.558249248,0.668460169,7.84652412,10.5225794,1.356953272,19.41240568,3.369573259,37.21424303,882.5407248,20.64110421,3.871490871,1.512302877,33.29502539,0.012017,7.789971505,3.239414874
47.35336359,1.771265,65.41783936,2.523489142,0.647713815,5.153252355,10.29023392,1.497919816,19.37368177,1.228022939,31.49927951,871.5148719,24.29915478,4.646073642,2.455904113,32.90070369,0.071174021,7.119518186,1.010771109
42.85758455,0.991945946,60.87662496,2.600444426,0.583348175,5.47401015,10.07885946,1.457642207,15.86172444,0.83023167,29.45397061,832.4085961,22.06058947,4.291067731,1.945946893,29.03697506,0.091021726,6.755756621,1.35062878
33.49552783,1.484937699,57.9757168,2.358436799,0.53167368,4.382817803,10.56514735,1.3709711,12.33765365,-0.025049958,27.77066351,843.2962294,18.63140335,3.815321754,1.100618491,28.43446053,0.068692015,6.423665264,0.620211386
33.21754291,1.283703708,59.66473959,2.362466625,0.471662409,4.395163726,10.91768711,1.421202712,13.81023047,-0.130931854,25.79894357,769.7957321,18.01380162,3.809046807,0.603795489,31.39957608,0.01388358,6.08982944,-0.207022433
31.133845,0.985510839,57.43041839,2.31752749,0.457000145,6.09697798,10.86221375,1.428326233,18.00288181,0.408320771,30.99793702,857.1184287,25.2471865,3.669227072,1.349328873,36.00279536,0.054629473,6.709375736,1.929940352
29.38528829,0.330299793,53.86230248,2.208132756,0.393792531,7.26554215,10.87377701,1.401900265,16.76862983,-0.131885072,30.87167122,794.8562286,22.8439711,3.559561241,0.947393172,32.26209831,0.122556118,6.397145335,2.711397204
24.92722793,-0.294343347,53.50681279,2.296006593,0.398345845,6.327008152,10.3998028,1.30371592,15.39839359,-0.487517684,31.21460678,752.8906504,18.98831289,3.357394589,0.590181489,24.44047735,0.070184007,6.633826988,1.368571244
28.47237496,0.878244845,57.69979393,2.04210115,0.452254702,4.601762355,10.98241875,1.356528819,14.33708689,-0.016335295,28.75612821,778.4768438,25.6867457,3.808762844,0.819095977,30.7837687,0.099200334,6.835379344,1.015522346
23.40844427,-0.611280018,52.62177481,2.162084603,0.458406757,4.817068646,10.43250847,1.319872698,14.74702111,-0.310889509,29.89844797,706.1749706,18.50122495,3.668562119,0.608525297,20.3978377,0.086151325,6.775317592,0.706069783
31.09484579,-0.441214157,47.77738861,2.088605025,0.44498267,3.914337203,9.860624512,1.333241062,12.8769753,-0.290715472,25.85869251,742.4091177,18.56849648,4.148522022,0.622622302,23.17425427,0.077683465,7.081001916,-0.060265439
23.32400559,-0.338597037,50.23850631,1.782691055,0.273615192,3.371827752,9.868389905,1.243112627,7.302289821,-0.923603503,19.22086096,627.7942866,20.23215041,3.260029863,-0.834583113,23.11490494,0.032856676,5.527101731,-0.371976337
35.15299126,-0.251640859,56.31447136,2.259243044,0.370644471,5.763584647,9.732286621,1.431857966,21.54580747,1.099782627,34.01305035,743.2388453,21.75886914,3.909203423,0.360549144,32.60037789,-0.047188245,7.073431886,1.095091914
32.73632217,-0.212859716,56.64047375,2.186959313,0.371516804,6.693950901,9.309952263,1.339965034,16.98828383,0.541138428,31.44275934,618.5959711,18.80505889,3.204438626,-0.261733445,29.83178129,-0.084683268,7.062391455,0.582575651
30.5656893,0.123066243,56.75156682,2.202536159,0.333446559,4.149516341,9.651161596,1.361971518,18.41985493,-0.043169817,26.09238088,693.4957298,17.18838254,3.679930818,-0.200480815,30.48934199,-0.053181445,6.579100281,-0.203470856
41.84195672,-0.053342575,50.18428732,2.325775038,0.352686931,6.771499754,9.567403535,1.471868224,25.39371802,1.398254479,36.19407875,765.1417847,26.21934824,4.327543925,1.361706142,37.87825844,-0.054042243,6.897395833,1.439849776
36.09018101,0.323986505,58.08705417,2.301194866,0.279950729,4.283562918,10.2081045,1.386009673,16.40597399,-0.353403389,22.5545524,713.3438058,17.32245288,3.953478514,-0.365676399,28.18893884,-0.106708433,4.578655366,-0.459420246
54.39814711,-1.47944192,54.40651293,2.439175292,0.32212894,5.040979249,7.613103887,1.411103639,13.17711,1.953578657,28.95923092,499.6070026,15.2363546,3.908729598,-0.539929223,28.26211072,-0.114417384,6.972167481,-0.766833334
47.48127278,-2.298087887,39.23347465,2.356665131,0.166809787,9.237705268,7.138281044,1.420449451,12.50783843,1.87839274,29.79594514,421.6878053,14.83744008,3.499103133,-0.884518246,30.67075821,-0.18206199,6.473415239,-0.428491196
60.28376676,-2.484182004,32.06410114,2.251402845,0.177164411,8.712232829,7.344777887,1.273093467,12.08475057,0.567446772,31.99318454,405.3621566,13.60632546,2.893954731,-1.223370868,22.02791014,-0.177706454,5.843780786,-0.000165113
44.39718626,-0.821888738,60.03564961,2.614749462,0.383179076,3.472756777,9.094885361,1.369595223,15.97995496,2.127750794,27.54969847,593.8087983,15.43715756,4.222025773,-0.462394472,27.89577232,-0.046519451,6.314894564,-0.623913465
53.62869994,-1.563016582,53.38808409,2.353796885,0.472097379,5.634308518,8.822090716,1.373391482,16.46175078,2.092389992,32.46826938,667.9496024,14.53519546,3.91029475,-0.035864365,24.98260603,-0.061977673,7.057542588,-0.275689894
39.65389069,-1.511851538,50.54947231,2.613292886,0.430786408,5.642839698,8.515734954,1.461298099,14.81436678,2.021493249,27.70741503,563.2339563,15.20847504,3.708236176,-0.121091819,27.26509779,-0.110347613,6.440938249,-0.171053546
47.09476724,-2.151236852,37.31159892,2.207956296,0.279224459,8.780872902,7.731869263,1.410533751,13.73874172,1.869976553,29.9466208,524.9946775,16.31554916,3.302129717,-0.947803827,27.97184031,-0.151639249,6.170470452,-0.32306885
43.92998938,-3.602294008,20.47339751,1.618507968,-0.067074131,5.441534382,7.618345294,1.077287886,5.870500279,-1.352696901,32.44034655,344.0089952,10.94151622,1.29889722,-3.282412946,6.386239434,-0.207585193,4.596994437,-0.94682371
24.61384685,0.599266402,57.57564646,2.434526234,0.433329412,3.39437256,10.09661924,1.335520571,11.95875814,-0.004596815,23.81127384,781.0502708,16.67152162,4.098358896,0.160365208,17.93593236,0.041858504,6.111708907,-0.916414913
24.40319379,-0.148863234,60.61522723,2.621087025,0.13425449,3.34908366,7.975092688,1.360000149,8.737304763,-0.586951117,22.81475623,664.871086,12.17709009,2.912196182,-0.318981863,24.43275116,-0.148771773,3.944723803,-0.791978544
26.87119878,0.242895992,57.84134658,2.524211953,0.323536593,3.248264109,9.443297124,1.406081492,11.13331087,0.124688132,23.22514951,690.9355287,14.09841544,3.642188464,0.162106346,25.30375834,-0.056765518,5.101168215,-0.760232068
24.70938227,0.181134399,60.24918608,2.406117806,0.42612101,3.302161382,10.10063728,1.293222827,11.88415056,-0.090035763,24.04669739,743.7326791,15.59470181,4.044053364,-0.134250937,18.13067528,0.01200798,6.196404329,-0.761969666
28.67752906,0.424468516,60.09338692,2.403255512,0.495789364,3.279147943,10.42309169,1.338681096,12.58745514,0.299503612,23.58809926,776.9119232,17.1833258,4.140580614,0.409407705,21.78289465,0.037722072,6.615844093,-0.890441504
31.66166506,0.180912999,56.82996308,2.320694203,0.466310994,3.25493323,10.17042265,1.335343036,13.26114016,0.263564927,25.00491392,800.9728437,16.54811413,3.948620171,0.42488061,24.33716782,0.032709418,6.536303095,-0.407297989
32.6560767,0.053916122,63.57771204,2.769446102,0.603539708,3.500366209,9.810516405,1.368464031,11.10498184,1.549836822,25.86190755,723.2400225,15.21130162,3.857256921,0.360589304,23.32772611,0.019244431,6.040561017,-0.379039202
30.4041631,0.44319904,63.22620607,2.387087743,0.38896646,4.195955436,9.817174312,1.365625782,16.54034024,-0.001063162,25.71324366,739.7159733,16.59499843,3.279635874,-0.211528027,30.20766199,-0.01272777,6.798447681,0.117616053
26.62464431,0.782097863,59.74517497,2.317522364,0.461025957,4.162002348,11.15293837,1.50141245,13.83391732,0.107984323,23.97815639,718.6542598,18.38735305,4.188120912,0.254491368,28.24383467,0.024070871,5.643277873,-0.056478797
28.92671227,1.81097799,56.67146437,2.168342198,0.531990445,4.558655577,11.42272649,1.451363316,13.05191151,-0.021147759,26.33898797,767.6773725,18.44903631,4.109308934,0.630671109,27.80469439,0.097395391,6.005433251,0.083149665
30.56048383,1.569747497,59.96429816,2.334511933,0.505815323,4.446149976,11.15806207,1.463633041,14.13000067,0.037677799,25.76199897,793.6858304,18.27202001,4.012503387,0.58122814,29.15018049,0.038824781,5.871063436,0.032087914
34.85274161,1.326045459,58.60216186,2.31020378,0.475811485,4.555562229,10.84525173,1.434994248,14.97392624,-0.055007988,25.0693983,768.0805254,17.27518842,3.868259032,0.261240804,29.90513684,0.006816049,5.611623625,-0.181755021
29.54425212,1.422981075,56.78034716,2.268852401,0.522899024,4.440166004,11.30942099,1.448744424,12.26796461,-0.067517148,26.23678777,783.0000112,18.63002412,4.021636172,0.704764234,29.60214906,0.0683577,5.990382546,0.01514643
28.65440073,1.255330655,56.43685219,2.095609147,0.457731943,4.385166979,10.99621687,1.284299502,12.66540856,-0.54846329,27.49226707,802.7255042,16.12166211,3.359646415,0.366755523,25.47809736,0.03317396,6.383018949,0.019658518
27.33311826,0.582755664,54.48974753,2.005776913,0.35739228,4.063423235,10.81300595,1.151908155,13.59560065,-0.805404135,29.61204815,772.4741333,13.66398621,2.403399007,0.129166744,25.73438694,-0.027564236,7.126632053,0.122161732
30.64961305,1.162710653,59.90165159,2.27136166,0.499909993,3.981435458,11.50173485,1.421199279,12.19529172,-0.186192923,24.69611602,727.2970765,19.73225267,4.042280237,0.543275185,30.51802207,0.02569174,5.623238879,-0.313898108
46.04279672,0.655387978,48.15224724,2.274668779,0.563524141,8.572268041,9.932254017,1.450624521,21.21402062,3.28425022,36.72596943,738.6498248,24.35275822,3.904404767,0.818019838,35.50117816,0.003918108,7.587360911,1.531093422
21.72957115,-0.82605569,50.83854984,2.050621969,0.27803214,3.343055931,8.68281428,1.225610775,9.531085198,-0.782083589,23.23877651,687.5360986,14.4421041,3.452082284,-0.217112783,12.02045771,-0.018808969,5.502692759,-0.898884453
27.55180515,-0.313237856,51.26230453,2.162782577,0.488243838,3.250512371,9.734645593,1.304909749,13.52981314,-0.197401296,24.20975287,746.4896754,17.80973787,4.129869168,0.689503685,19.46283842,0.044607477,6.810437077,-0.301891405
21.65825625,-1.210598345,38.81547818,1.822199613,0.230647931,7.106424499,10.20511267,1.300300702,14.04034849,-0.344161885,31.59241465,730.6439378,19.91293368,2.80522766,-0.748238077,19.94191399,0.008924343,5.401325726,1.582658964
17.94254983,-1.571088091,40.77552569,1.441765853,0.099398931,5.082467642,8.707766419,0.989289333,10.85176522,-1.570872388,30.66952172,765.8667161,12.23684472,1.956928785,-1.684695649,10.56448535,-0.099105151,5.612727527,1.058427532
29.479621,0.944400632,60.08881904,2.090230348,0.495410493,3.570868736,10.44491609,1.319059799,13.3375391,-0.146150549,25.62110854,754.7137756,23.64960699,3.794744226,0.493895749,29.01994543,0.024063467,6.489054377,-0.261337476
40.68504814,-0.892963714,59.26512234,2.736396459,0.569414228,3.86917256,9.120680147,1.430334535,15.15992787,2.094950686,28.01466127,667.9598512,14.7736706,3.885783624,-0.041156163,26.51205389,-0.015203634,6.527375904,-0.28321602
37.2384833,-0.430557616,63.49605055,2.809493777,0.576959038,3.656111615,9.51405037,1.3815941,14.19624683,1.818096746,27.25990741,687.7820527,14.74855135,3.869791146,0.29097747,24.56192764,-0.008937736,6.472698283,-0.398680279
39.59191053,-0.31075091,62.16536875,2.744092803,0.516877846,3.482512781,9.445306603,1.337058641,12.26154112,1.619581866,26.3396062,735.2466701,14.19328044,3.883070088,0.221169079,24.83141993,-0.004562209,6.421138239,-0.512966228
42.29779396,-0.380079153,61.32186024,2.774799055,0.578791363,4.216358344,9.469521331,1.423347036,16.43725952,2.050182199,28.32255294,753.9843371,16.6141375,4.279881882,0.680070789,26.92196101,0.010581997,6.804062951,0.187317378
41.08226264,-1.109767749,54.83221462,2.616087612,0.47645726,6.107019951,8.622562561,1.438983917,12.36134572,1.8415035,26.46297054,672.0049576,18.17600483,3.92131963,0.484567855,25.82546789,-0.035291765,6.256735764,0.600638245
35.01310294,0.602898647,67.62990435,2.889301311,0.590242916,4.064535272,10.1077243,1.379541049,14.85655976,1.702258735,26.91261312,755.9260361,17.15545092,4.333778361,0.834188737,23.353784,0.047325321,6.853479679,0.097366124
36.63822252,-0.237639652,58.11448192,2.560037765,0.496945813,4.604780587,9.394539742,1.272222581,16.18895729,1.143639524,31.06431837,757.6512692,14.62041075,3.58890427,0.013532256,23.67200112,-0.005934668,7.088785959,0.531203683
33.11123134,-0.284550253,58.80548062,2.711446612,0.547949866,5.345232175,9.442679621,1.385358094,11.40287746,1.342000825,26.29199284,802.8171073,17.38183453,4.124423698,0.776554859,21.94848634,0.075216728,6.191891073,0.789212625
29.79679304,0.391282472,59.28346648,2.643748562,0.57762645,5.09889165,10.24628142,1.414887995,10.70997752,1.146210667,26.34117572,777.8728033,18.08854803,4.2281647,0.843809799,19.11493905,0.092108217,6.226235338,0.47343833
32.05621851,-0.206836328,59.91126773,2.618649725,0.474441411,4.872093422,9.509667073,1.2290529,12.56170482,0.581993428,29.60620578,804.2042422,14.06893844,3.203437713,-0.040617594,20.71477876,-0.021219244,7.08476862,0.329834347
31.29991998,0.757051046,60.36678356,2.759038552,0.517247874,4.837255114,10.18469438,1.407416058,12.85835775,0.765529427,26.41655071,798.1371486,17.85701887,4.284261587,0.963054884,22.01012045,0.049340404,6.017694133,-0.006119848
34.51206362,-0.088698322,58.41638626,2.554634999,0.462250718,4.614150459,9.823770674,1.263626369,15.36997573,0.177004163,28.70658517,745.9620169,14.08169942,3.457614369,0.614721629,24.28291473,-0.010347506,7.169240071,-0.023688768
22.74931275,0.093741408,57.45520695,2.669570218,0.332832781,3.655219661,9.159726131,1.384174203,10.14025048,-0.155256421,23.88002745,689.5453752,15.53064993,3.775788539,0.343889432,19.58589202,-0.035813456,5.252882248,-0.681550942
30.85090494,0.511769247,57.14633961,2.62480831,0.519247862,3.942527863,10.390366,1.369004794,12.98506728,0.476216555,25.52704583,786.9051304,16.02741533,4.027631251,0.844113186,24.14379504,0.028417479,6.584080468,-0.410695995
29.14839076,0.77258622,60.36199691,2.785226276,0.461309766,4.023993569,10.14683637,1.422855362,11.38802618,0.631032644,24.97641074,764.2743613,16.99077175,4.147688741,0.863464609,25.60012888,0.005570164,5.435203649,-0.372917071
19.51620099,-0.277938418,59.57291691,2.648813683,0.226701049,3.470222679,8.327352857,1.369689757,8.21150039,-0.424408534,22.0727153,676.4873928,13.23240559,3.355458729,0.00516107,19.32365609,-0.11215761,4.646824698,-0.878068249
21.82658366,-0.225581161,57.35465925,2.541457651,0.247853936,3.30109722,8.775080955,1.38030936,9.321674356,-0.211632948,22.26693322,676.051902,12.92506756,3.382441516,-0.151472014,21.52883436,-0.113096435,4.514561745,-0.810565296
34.95301446,0.007268832,55.33047374,2.086031324,0.486356223,5.952379918,9.804383652,1.378862542,16.99396205,0.995232582,30.13884964,694.5707318,20.69841797,3.713214288,0.483738089,28.59255175,-0.037253812,6.465031564,0.084846024
29.7426127,1.007114233,60.26015942,2.248556155,0.475175132,4.437827578,10.26412072,1.311575235,16.41374681,0.028293788,28.09858107,790.1573419,17.48438018,3.27756476,0.186823729,26.89642985,-0.004669113,7.087347796,0.180503341
39.29809668,0.962290134,57.71598554,2.242706286,0.518649041,4.53941296,10.28458809,1.443961422,20.2858083,0.199167711,26.75999634,805.2617954,21.25410926,4.262467976,1.258718198,30.16601978,0.007594325,6.718511029,0.200385883
36.34704743,-0.170824374,55.26578339,2.351409762,0.462440231,6.64748373,9.334995018,1.43579333,21.38902324,0.51071903,33.79409038,907.8797797,25.43227566,3.521616387,0.939892841,33.17287565,-0.02594844,6.895600222,0.625170897
24.15746653,0.400744864,55.61550583,2.1761989,0.486963735,4.521288011,10.72666877,1.398916678,12.92413746,0.030370166,26.65072159,675.4604701,18.38444254,3.891052817,0.098949011,23.40458444,0.019342979,6.283720714,-0.162730674
35.61734363,1.436278156,59.54476262,2.386093331,0.452652798,4.51679531,10.6775846,1.44471854,17.73057916,0.052559553,24.97537512,819.8616398,17.31362748,3.820991279,0.22799374,30.91874846,0.018842505,5.909178543,0.034103772
29.43622144,1.322781649,58.90031368,2.167022855,0.545478603,4.929480976,10.89485305,1.384090686,13.51556367,0.093427289,28.56535729,747.5313804,17.81378843,3.81274021,0.763052927,25.35069287,0.065501507,6.629040952,0.261810152
36.05200198,0.789251922,58.15015812,2.205869802,0.521391354,4.196679322,10.33665649,1.438199087,16.39584136,0.050093037,25.58539642,747.4004417,21.92082187,4.084767136,0.885846284,28.98300138,0.02000617,6.3905487,-0.209497584
37.05975432,0.90724318,58.43356447,2.354128915,0.542276196,5.362174864,10.08362666,1.460802508,20.34115854,0.446339288,30.10709185,886.25016,26.57456391,3.880852221,1.640384612,36.73861387,0.026664062,6.810438498,0.586437872
29.78661192,1.503193056,59.37222289,2.220848465,0.546497465,4.545421343,11.18907766,1.439329329,10.50962065,-0.048845564,26.03121114,690.8509365,19.95176564,4.160082217,0.732312004,24.94113551,0.095948001,5.664487394,0.050050913
34.84629177,0.056685998,55.28249274,2.177470675,0.269395607,4.291929583,10.23010087,1.393968493,11.57915928,-0.53582833,21.8575584,667.3571599,17.26226503,3.84577338,-0.540729406,24.14662087,-0.124213399,3.893521114,-1.125295654
30.83508028,0.763411574,53.43351642,2.239496537,0.46250448,5.957984857,10.3775078,1.431860039,17.75870854,0.457664261,30.5950666,845.0115637,26.3298169,3.594912286,1.157882625,35.80824016,0.02903074,6.757030378,1.259607114
34.43068322,0.600571449,57.47450699,2.174361713,0.484913525,3.761642049,10.16590763,1.384810866,13.46355219,-0.097263501,24.63331695,684.0320327,22.41908013,3.959553633,0.470830278,29.94656515,-0.021760467,5.900824082,-0.784256673
32.16483627,0.049903783,55.53305863,2.15577058,0.343513527,3.83228935,10.49094742,1.379382836,9.520911845,-0.41193606,21.52133019,618.353573,18.08667271,3.698382196,-0.524215597,26.46104933,-0.091800678,4.464154001,-1.249369419
33.68712192,0.918525693,56.78716029,2.210579943,0.446614622,4.139492897,10.71927466,1.42182949,12.25003355,-0.202390651,24.01158826,722.0299417,17.9060873,3.840859904,0.131359634,29.40769584,-0.023798563,5.572729427,-0.676141996
31.22705416,1.102294295,59.65330771,2.228261086,0.48584081,3.763227098,10.83144298,1.314447534,13.77910876,-0.412604571,26.43994785,838.4787236,18.88417414,3.3948147,0.481667311,30.86962484,0.007646125,6.723101289,-0.233636942
22.53900374,0.50657647,58.018332,2.072347958,0.45689958,3.380923997,11.43797598,1.388938912,8.32954585,-0.53488148,22.89452777,672.6788836,19.63832349,3.920956992,-0.437519934,24.59139786,-0.002660475,4.331824333,-0.965575859
22.39366852,-0.819397827,58.2819338,2.098674437,0.258911859,3.115680111,9.673556903,1.288233516,4.839117877,-0.81069077,19.54344571,561.542562,17.68854841,3.405317499,-1.286631217,23.8412678,-0.151014745,4.505388442,-1.802056516
28.12874755,0.57154803,58.16756173,2.144753675,0.452321779,3.224934718,10.95384048,1.353752014,11.01712552,-0.425929603,23.08926732,705.2707903,19.64699967,3.690437592,-0.220542885,27.93689466,-0.036791821,5.881827666,-0.664389858
24.9207566,0.837150583,54.42396934,1.967392943,0.442368074,3.50646525,11.14290746,1.312682991,9.059221361,-0.577737931,24.68460322,715.8396497,18.6041215,3.527825262,-0.127268636,24.30912861,0.024326013,5.624030898,-0.256840342
24.2846597,0.624536677,59.96344772,2.07253507,0.437889623,3.335232991,10.76410494,1.332529612,8.93340427,-0.603817699,22.63178565,707.5663644,19.41080247,3.814294528,-0.1623834,25.13198854,-0.023896676,5.809030973,-1.103743311
25.97443818,0.405576762,56.57136383,2.072118136,0.422941375,3.254404384,10.78035978,1.267487285,11.86052515,-0.574899376,25.29059749,734.9601047,17.77613583,3.278699255,-0.346753907,26.65016303,-0.022217494,6.390917343,-0.510517521
22.59729155,0.049563961,60.69301016,2.096986018,0.358227087,3.103104238,10.4813597,1.281975139,7.684190841,-0.593701475,19.9508204,652.1955332,18.83200243,3.498358849,-0.789058754,25.57370829,-0.074001334,5.408036962,-1.297762241
25.47433389,0.121282883,56.26273898,1.932778606,0.385529011,3.250086968,10.14253146,1.269852543,9.472505713,-0.609169661,20.80116471,688.7039449,21.71142317,3.470910229,-0.545397498,24.78424284,0.007048104,5.894745536,-0.529902927
22.0044438,-1.440304868,48.43746035,1.846488565,0.097026813,4.868256614,7.138516293,1.067241649,16.00741253,-1.43500297,28.68861165,721.7114797,14.29593478,2.482977723,-0.974554276,10.79618051,-0.167768946,6.750683499,-0.771506498
23.8173987,0.661827544,55.38225816,2.25888997,0.553422221,5.633258084,10.06421278,1.243707895,20.59522451,-0.3152882,30.34100847,837.396792,18.57766196,4.300261857,0.392387909,13.98916537,0.055896071,7.575874099,-0.114555364
30.11732978,-0.089157853,59.98464329,2.314103461,0.423055516,5.446908026,9.090574621,1.239812331,21.47537981,-0.693189015,30.31595409,891.6084309,17.60297669,3.711536866,0.933911606,19.5017282,-0.026991448,7.252712437,0.140886447
18.95363768,-1.738113159,42.16228912,1.56850302,0.237047661,4.348143908,8.450541806,1.07392281,13.05888524,-1.478455986,30.20757602,754.3279066,11.48012652,2.193140258,-1.716389294,8.993154273,-0.106140021,6.111069967,0.228270303
25.90847061,0.80351628,52.77224378,2.222748,0.589911554,4.531136085,10.30713615,1.268807557,16.75980599,-0.192974891,28.89872769,852.9616826,18.81824271,4.478119993,0.940203417,12.6322993,0.088687944,7.593712577,-0.242013491
29.87998168,0.575624186,60.90629496,2.462764332,0.622351587,4.856475701,10.54134587,1.318488004,20.35171795,-0.202694531,29.87806594,902.8289392,20.06498713,4.577749843,1.494607208,19.98468963,0.069190283,7.476742976,0.194341193
28.61334066,-0.037983147,60.62478794,2.46538265,0.527221415,5.567846295,10.70280384,1.295006069,19.26065425,-0.406116923,30.75906026,852.1021927,17.80231645,3.866771502,0.946447237,22.32468106,0.030077252,6.947697434,0.626182753
35.01079235,0.479856405,61.59345279,2.565396603,0.554183703,5.807978454,10.87214635,1.380235394,21.57965856,0.025607252,30.37751574,936.5848772,20.2882444,4.327415683,2.015170667,27.98490544,0.07486379,7.397793049,1.255592658
34.31391879,0.267534964,59.60084445,2.479671827,0.405910498,7.132276778,11.17171928,1.368323535,19.87843378,-0.021955167,31.22484463,860.3523154,21.43418469,3.854220306,1.787690081,30.28912084,0.090700079,6.784471753,2.558029893
28.03866256,0.403894286,55.16777237,2.217850697,0.597906302,3.70847163,10.17124184,1.301857006,15.86957218,-0.088291822,26.35462834,838.7743196,19.03980798,4.466401166,1.347147271,17.67854846,0.067551503,7.227751364,-0.085644013
29.37844412,0.202595995,55.4300214,2.37320965,0.596351627,4.446232066,10.62485399,1.385995175,18.36349652,0.066519133,29.13828832,820.322256,20.21768968,4.630050104,1.632289735,23.5170446,0.085583108,7.654179684,0.470249398
44.69127668,-1.150083995,47.7982522,2.01206963,0.413376407,4.627175718,10.0620748,1.390517876,20.10532806,1.743836142,30.07508312,657.5388148,17.42039258,3.487443503,0.030989408,22.78123473,-0.00635804,6.728169684,-0.425777834
56.03796737,-1.912801327,39.27241584,2.013946544,0.44432158,6.069668023,9.684867635,1.3877863,17.38011847,1.443664291,32.20168776,711.7300314,15.72026955,3.596086969,0.361347596,17.84892242,-0.026494044,6.290942708,0.262363374
33.71448947,-0.669360085,46.7622866,1.917001557,0.439707553,3.882195524,10.27895657,1.359619356,17.26991835,0.678578207,30.04653903,800.8025572,16.79778499,3.323869972,-0.370365857,17.85781528,0.033825421,6.930611194,-0.359048645
32.03320762,-0.213724238,51.02541091,1.970552912,0.382880378,3.906962543,9.977002857,1.323720939,13.16158778,0.193080484,28.63684266,795.1766154,16.86267281,3.605962386,-0.649600614,10.43617481,0.047655823,6.64419626,-0.837825635
28.5189981,-0.776058139,50.43163511,2.046737211,0.419692759,5.245851295,10.00345541,1.277671147,17.23084974,0.499157712,29.55437435,875.2438863,15.93492962,3.644241611,-0.014191839,12.97991429,0.000137744,7.099037135,-0.401286612
19.879355,-0.3938752,48.43726338,1.784195002,0.419793633,4.232068533,10.12930309,1.22608307,14.25837792,-0.189481161,29.52064048,867.8758229,15.4422219,3.319451882,-0.79698262,6.388464589,0.018834952,6.989856807,-0.679140703
33.0915106,-2.61611514,27.03451875,1.527215225,0.184308933,5.06693786,9.556233771,1.20348027,13.46850064,-0.250284649,31.39085979,509.1412745,17.00297795,1.838203517,-1.803865224,11.71695294,-0.076025199,5.507711502,-0.551296843
20.62187791,0.628945454,50.09349384,1.481629208,0.38242725,4.051832919,9.511036022,1.195267825,11.73267129,-0.613799062,27.58152262,853.1517485,14.88835185,3.444670101,-1.185679483,1.798863722,-0.008936586,6.97861485,-1.035271072
32.59192198,-0.150215598,54.57885673,2.295407478,0.369132224,3.610503647,8.734490644,1.272279625,13.96749309,0.710674729,27.51984608,713.6607442,15.29647526,4.101647331,0.087949325,18.10098812,0.01142013,6.19460792,-0.535944611
18.43878241,-1.448757295,55.16044935,1.989450006,0.022796017,3.567902081,6.408577054,1.144360219,6.656238411,-0.890290236,25.30508648,632.1745689,13.93030859,2.901646108,-1.691919627,6.440916973,-0.092291947,4.600274971,-1.559530632
21.02231021,0.785173072,50.05556706,1.53153709,0.33393802,4.998764324,8.94570064,1.113712704,15.59550074,-0.823619534,28.794751,905.4177621,14.06553243,3.106422458,-1.021434124,3.814583515,-0.033970002,6.987542298,-1.010796656
24.74570678,-0.348232019,45.31173305,1.51601587,0.310967732,4.810317935,9.158005964,1.138387307,16.21462453,-0.770252448,28.6802387,797.9883934,14.95902019,2.855871999,-0.861244402,5.244350249,-0.046249928,6.837149597,-0.860271654
12.47211173,0.099707532,50.3933855,1.447427096,0.159588821,3.837070577,8.331583572,1.154058636,6.207686341,-0.929260347,24.9393657,702.1693419,14.73854865,3.828090315,-1.922839919,1.863200088,-0.024554678,5.05180105,-1.406871247
28.35653125,-2.178941394,32.25266451,1.59250994,0.252905944,5.895187221,9.015925078,1.147782878,12.66993906,-0.705553546,29.22606122,700.0603724,15.48733369,2.652099527,-1.007771655,7.893892683,-0.083324101,6.304617731,-0.580270499
16.39187479,2.526007228,51.71299167,1.301673502,0.389056798,4.88453042,8.310300816,1.124453301,12.1793518,-1.213285562,26.28150058,886.2794424,15.21500811,3.819114105,-1.023290114,0,-0.015027762,6.426653813,-0.972531249
32.15144051,0.296885779,57.13679775,2.340691724,0.416528089,4.324799575,9.282613628,1.236956229,13.97247306,0.291597573,28.48882559,780.0151716,14.75415941,3.996210163,0.344718726,16.41832649,0.020210933,6.547860824,-0.158211186
19.39370484,-2.60704367,33.24681285,1.756619637,0.149108018,5.453741238,8.513468649,1.064974418,14.51079481,-1.333301658,28.45965318,685.8936009,14.20467213,2.460355489,-1.249488716,9.868875469,-0.142531485,6.229248673,-0.733842899
19.77750524,0.537633461,53.86305091,1.962174765,0.297246918,4.021091339,8.960425562,1.179580035,8.442065618,-0.457904139,26.28318218,759.709967,13.70021465,4.01678462,-0.931541252,4.741481707,0.005122147,5.868300022,-0.743967931
16.9881283,3.066315002,58.37415784,1.580503126,0.536426981,6.390486736,9.643131626,1.091414371,17.83968364,-0.891961418,29.696977,1045.04173,16.55369215,4.614129032,0.028337582,2.469695769,0.051574731,7.402700266,-0.434231976
17.46206184,-0.424722683,55.35577272,1.743503656,0.276333998,7.356879785,8.790863638,1.037051106,13.34072228,-1.162903037,29.72506429,903.9238378,13.66694289,3.189843582,-0.919388635,6.189159714,-0.072874882,6.595151126,-1.038563093
8.323257222,0.153559461,46.91017111,1.486590908,0.138132768,4.177862229,8.234803332,1.177165881,5.855540278,-1.141417078,24.15162844,697.0209427,13.85067334,3.999859012,-1.65380045,0.937187545,-0.029154813,4.791750061,-1.097341053
26.35143642,0.434176044,57.21403206,2.388793683,0.227295729,4.064314654,8.334369603,1.225157482,10.82757298,-0.482297727,26.71924479,757.7058554,14.94692962,3.85013321,-0.006320095,12.48970059,-0.01535081,5.885263267,-0.395562052
14.55418104,0.548157644,47.62879381,1.644495316,0.255786313,4.670942972,8.416422158,1.19484235,9.164168577,-0.92460946,23.85207676,730.8594975,13.09216375,3.702876289,-0.84969142,1.255333393,-0.011932415,5.502760331,-0.803556907
24.73204751,0.041548234,58.49407332,1.998059464,0.470017454,7.151329072,9.693378343,1.146448879,15.54985074,-0.659376204,30.2414864,901.6184284,16.55402722,3.904719646,0.375185129,7.279258078,0.02110281,7.130345061,-0.450689634
23.88187002,0.987881211,50.21050731,1.754728577,0.542153694,5.592001617,9.469310125,1.158182999,14.86395815,-0.525980896,26.83077798,864.7046178,16.01769856,4.449240836,0.333577279,2.934557516,0.06205463,7.123052173,-0.499960076
21.36331156,0.813014052,52.33764834,2.013161671,0.338907498,4.352534259,9.657592076,1.20689988,9.012891184,-0.393805485,25.90027592,692.7247612,14.07187818,4.055241808,-0.651344824,5.009052412,0.03265505,6.084163048,-0.708254807
26.8810121,0.52602667,57.92898329,2.429159743,0.359576289,3.995086089,10.08257123,1.291831654,10.24950698,-0.070291546,26.48661377,739.9592786,15.42242061,4.127129058,0.005518846,14.48351351,0.028921772,6.450457234,-0.490956326
24.04680768,0.335461291,51.90782647,1.920032539,0.47343346,5.275584809,9.920045777,1.190663682,10.83700051,-0.386197008,25.53767427,716.1026228,16.11907647,4.08552951,0.10507718,7.436757635,0.062205509,6.937362832,-0.439345464
12.18469932,-1.064104684,45.0252105,1.822920693,0.131199089,4.410542006,7.765285072,1.193141628,5.800700276,-0.913004819,21.97627663,599.7664691,12.08244831,3.430243797,-1.088532722,4.472636576,-0.077640401,4.376653182,-1.083410692
24.48956153,0.652433073,49.84286289,2.080132027,0.394130193,4.070282141,10.49223151,1.294451907,11.16039133,0.074337025,24.82827219,723.8262636,16.13133784,4.448507478,0.011293617,13.81738775,0.058809922,6.297167553,-0.758500176
38.72212968,-0.950960522,52.44535311,2.412666489,0.420014206,6.416998667,9.079893831,1.405715074,15.2301238,1.439541145,29.01366288,700.1560066,19.66023289,4.296729927,0.686706063,22.1827492,0.031455817,5.98454968,0.537663306
31.00945054,-0.36759361,57.79127001,2.596432147,0.432359311,5.102767725,9.388786525,1.352174863,13.82814351,1.05027326,28.09544274,774.8929026,17.62585823,4.228753815,0.832636224,18.43991613,0.079631804,6.494327697,0.540661033
36.18298323,0.60188563,57.28916176,2.211441751,0.503174994,6.120806555,10.27719325,1.353037103,18.26291425,0.719637887,30.15792978,870.8334577,21.36951112,4.591979439,1.450666796,16.08125076,0.16995727,7.115960608,1.574863663
32.43160386,-0.259557945,50.22191161,1.992037252,0.466774698,8.592185121,10.62732454,1.267862154,20.42079642,1.334209954,35.23364899,833.2029763,20.03354956,3.881980575,0.610803531,20.00127368,0.107366877,7.128371233,3.101925489
30.76797671,-0.385234022,48.0783476,2.158696503,0.531961025,9.209448449,10.43768727,1.334244141,19.94391523,1.784398852,36.84173856,852.2794885,19.69079977,3.942445695,1.326482377,28.59811564,0.082910597,7.35100586,2.737976851
22.23832924,-0.95538962,45.95038582,1.787210693,0.406893008,9.578348369,11.12551676,1.142958441,17.89923418,0.457622631,34.10934804,764.5884115,17.7290673,3.163278179,0.038024276,18.90903423,0.096526512,7.376186567,2.450018265
32.74098677,0.676788692,61.51455724,2.401638404,0.461702472,5.16515056,10.01656115,1.369841922,15.16717719,0.561723284,28.11351303,799.341849,20.34036321,4.648380365,1.261895475,16.71030514,0.152120638,6.886423272,0.954415963
26.81852187,0.099047964,58.33418764,2.568952767,0.344115948,4.576466047,8.893541538,1.334166549,13.15156925,0.196498239,26.69959429,742.6595329,18.03591049,4.157547216,0.796530344,19.31556342,0.065080565,5.97652348,0.144966141
28.78791291,-0.681539031,49.39676044,2.115770596,0.420484151,8.441553388,10.30320501,1.219008761,16.55548466,0.140423987,33.55496007,877.6249604,16.91940104,3.364200028,1.126010319,23.76761403,0.101160457,7.202843746,1.489491568
24.00347109,-0.044352864,50.37744458,2.016357552,0.389203297,7.199196634,10.50970676,1.13384012,16.98100081,-0.123490408,31.8744059,780.451212,16.32881131,3.471423456,0.27650222,17.92704433,0.087535246,7.368698161,1.183718882
37.96069656,0.50293253,52.60730618,2.421825485,0.529672173,6.084195281,10.44546332,1.40790646,18.23248924,0.650213548,31.69681106,914.0975421,20.99681623,4.375212338,2.141684445,25.54018726,0.17672986,7.03565224,1.225715006
27.8505136,0.633413112,56.76026954,2.333490829,0.445984916,4.484123398,10.36497621,1.394847135,12.2907767,0.133005362,27.50179556,715.4116109,19.80540146,4.097191709,1.06435714,22.22318161,0.159491152,6.058641319,0.879511961
33.45834357,0.496325043,51.91010882,2.390773683,0.473643125,6.085327227,10.37306071,1.276119389,19.90431913,0.283348748,31.44174229,935.4809459,17.57138414,4.074797805,1.914856205,23.89477386,0.143384814,7.200014731,1.061250945
30.04430374,0.138706016,50.86239026,2.323947664,0.363745451,4.741050259,9.739917219,1.387765047,11.63660055,0.053083045,27.35681294,715.5673407,18.86402043,4.153216616,0.944706864,22.56974575,0.152100833,6.003839084,0.63010044
17.60082753,-0.567126363,50.74216725,1.844666101,0.132334785,3.272611799,8.898838886,1.339024122,6.759562821,-1.275724805,24.23475527,519.6263884,18.81929844,3.828835723,-1.22959469,16.98213239,0.029182831,4.337813149,-1.087027922
22.54311192,0.749589249,44.15652608,1.672028346,0.282962837,4.037403218,10.00249301,1.294738817,10.02083534,-0.643474438,26.69467826,679.968266,18.05949166,3.684826069,-0.142850882,14.36074311,0.161970415,5.876840594,0.654986
28.15496833,0.776104075,47.52270083,2.102312023,0.287666535,4.217785333,9.543107468,1.350374413,12.06498303,-0.260057832,26.09884875,726.1002714,18.31324204,4.025284528,0.523675066,23.47487611,0.145809727,5.8418322,0.366413126
22.90094858,0.938561835,40.97712383,1.54929437,0.34190174,3.735206345,11.10483173,1.239162063,11.74653504,-0.620294548,27.18398188,692.9367336,17.19221043,3.273400351,-0.261127077,16.04741615,0.14744696,6.55074583,1.069385115
26.97813901,0.738860939,44.33659938,1.912812945,0.36804999,4.201125135,10.3065671,1.277185876,12.46537559,-0.151473879,26.72641056,714.4973453,17.90600574,3.946489902,0.16952561,19.68141557,0.175631839,6.393241546,0.489111659
24.51886977,-0.252950007,49.37563174,2.165398115,0.227056351,7.04964304,10.19598191,1.21934604,17.06339297,-0.875177786,31.09197291,720.2472367,16.9974665,2.864778737,0.067010238,26.10306006,0.08865686,6.440599196,1.948947056
19.3565506,0.028988152,41.35217688,1.39733025,0.189775905,4.233895959,9.055242716,1.230559317,9.968808166,-1.091430275,25.01886275,615.1019302,16.23180507,3.39085559,-1.190099503,9.430658985,0.087347477,5.384595086,-0.887513811
19.55964651,0.500980669,39.86324735,1.430191549,0.282718109,3.614256162,10.88135523,1.187641374,10.04461866,-0.833287333,26.4918336,642.4711739,16.49247128,3.081212074,-0.78699531,14.07246942,0.123651481,6.47033175,0.861939501
20.08194221,-0.780009316,37.57873099,1.566135797,0.174832539,4.050167065,8.48775879,1.24878611,9.165631205,-0.809179728,23.63908985,578.0351678,14.64171845,3.346016659,-1.181927811,14.06253817,0.036334944,5.013081476,-0.629573224
26.00473125,0.259665602,45.65637571,1.799695214,0.371816203,6.100352783,10.97978801,1.342264512,13.9773868,-0.417452562,29.1564186,731.9168237,21.9596894,3.653547723,0.272131312,26.97025871,0.183631379,6.769841012,1.910305681
17.99399571,0.169076689,37.09891804,1.313760176,0.267215423,4.315457361,10.14180045,1.177938482,10.03546856,-0.779323019,25.70802908,670.5833332,15.95634412,3.228515367,-0.965163761,8.294074468,0.171899972,6.648610427,0.504421459
15.59953615,-0.475042766,37.28576779,1.39437032,0.206245229,3.696793644,9.92399511,1.187906511,8.242776707,-1.153862782,23.40279191,558.3245858,15.69588293,2.907062837,-1.646574079,10.64076836,0.109054392,5.856020043,0.136508308
19.18161786,-0.439889437,36.42780585,1.506305975,0.30053909,4.128657446,9.924559737,1.17972612,8.427936571,-0.789984862,23.5679932,647.3938506,16.07836992,3.281922825,-1.108691666,11.14038942,0.148828111,6.146443568,-0.086326203
23.14572797,-0.877052588,45.07802179,1.931944894,0.283690229,3.295394255,9.143397043,1.204778095,9.234957885,-0.724332122,23.09465783,643.8859644,15.98372864,3.469648502,-1.266215537,16.18135791,0.056477858,5.28915941,-1.32214957
16.04345591,-0.444840329,36.87001353,1.292804001,0.208872596,4.439274582,9.647313755,1.134958221,8.4165254,-1.070584626,24.99069233,608.809816,15.00405871,2.8480721,-1.573439944,6.880551347,0.139952209,6.261689121,0.131731864
22.69884572,-0.328464129,37.88933826,1.470380728,0.322018843,5.266159041,10.09916102,1.24679873,10.74644923,-0.856123657,27.37373787,647.9563301,19.70706255,3.321313691,-0.65886823,17.13784697,0.215146711,6.487913113,1.417593781
21.44901028,0.01196848,50.69774196,1.702501858,0.344822754,3.545594441,10.51789345,1.24465499,9.216035525,-0.857697121,22.97873167,653.844508,18.64470929,3.178275609,-0.999421429,21.39977566,0.075709061,6.014800222,-0.316177398
22.65096861,-0.960377267,33.5196706,1.369869111,0.32874695,4.804467482,9.599166732,1.210585086,7.817794489,-0.91977885,22.06201125,624.6107265,16.66663047,3.37808659,-0.869310817,12.98168893,0.183263312,6.155352158,0.50451574
17.19708768,-0.280777298,30.22562564,1.181501075,0.230261923,3.855781819,10.31372682,1.112425456,8.048064898,-1.206619561,23.69268822,629.5214327,14.51336204,2.342861751,-1.727122642,9.900606531,0.158701587,6.114734293,1.608963864
17.77448864,-0.337999312,33.21425031,1.132502692,0.248220762,4.34883703,9.995886359,1.139952546,6.803621945,-1.165685228,23.33982636,629.8764077,15.82106909,2.908438247,-1.703448787,6.384809827,0.195227418,5.702746787,-0.021146298
18.84411136,-0.773961486,34.61254156,1.438089538,0.276664113,4.248469661,9.486302127,1.167246697,6.115882643,-1.021505959,21.30036149,621.9413884,16.35307026,3.343284472,-1.47889334,10.30775049,0.1576359,5.171355646,-0.35212762
22.13455845,-0.159234426,45.74421689,1.717599786,0.311712878,3.441581001,10.22772604,1.225400094,9.572288916,-0.901518146,21.09117317,655.0591978,18.98612275,3.020310018,-1.087531383,23.01455494,0.056901634,5.720970811,-0.39879382
18.27977336,-1.938856517,40.56624324,1.732220119,0.274658561,3.773368411,9.238199534,1.237527919,6.447628878,-0.640239415,18.96428112,559.4055834,16.20472551,3.77064125,-1.550385939,17.15569469,0.045274946,4.715826961,-1.171072301
19.1341489,-0.687887035,36.21146087,1.290442646,0.274251844,4.361978796,10.05686742,1.191408475,5.642375268,-1.05652197,19.38543595,588.4853688,18.70787856,3.000113014,-1.396286246,12.82744365,0.233012447,6.345469135,0.869041165
16.67634648,-0.645315969,38.10647115,1.35683167,0.283618268,3.757967114,10.10184086,1.167214117,7.77697656,-1.078372198,19.75360144,604.8157886,18.66351539,2.861793037,-1.810434139,13.77248595,0.147812623,5.453487115,-0.062695667
18.28104493,-1.426606011,32.10725964,1.120483948,0.187565473,4.806519661,9.52665145,1.142979354,6.045450287,-1.245723202,18.90250772,560.7714032,15.91138264,3.206591819,-2.129116777,5.532838972,0.182700096,5.389519833,-0.732998281
38.26694,-0.343651131,54.9189472,2.344419034,0.478884427,3.750989246,9.960204762,1.349638925,15.82483643,1.44328125,28.77494658,725.6262214,15.46606996,4.079752337,0.082373373,21.77079924,0.032132234,6.607323143,-0.556472394
33.32673856,0.145386283,60.84256373,2.682261592,0.366772093,3.842116717,8.70053793,1.301304507,12.99729691,0.852314847,27.39704755,728.5229316,16.05583889,4.084973476,0.501973445,24.83998969,0.008099754,5.919759139,-0.36504317
34.76082776,0.491053198,56.69687485,2.512899252,0.441856053,4.467458076,9.664909595,1.300210983,15.48425999,0.671501887,28.41298417,790.9717221,16.1474592,4.316221941,1.095911167,23.78736895,0.032728578,6.622466977,-0.013918988
20.57395362,0.178694305,59.62732166,2.689347551,0.053212985,3.416088704,7.519483273,1.337112806,9.404257203,-0.662887142,24.27635276,697.950824,15.30880566,3.828042061,0.294373155,19.27781613,-0.082254828,4.73352201,-0.513827819
26.37315393,0.308062793,52.77257235,2.240158726,0.480596193,3.57125437,10.75420359,1.225131226,11.01139558,-0.147523444,27.8818897,676.5703927,14.37977317,3.662037486,-0.301509916,15.92582792,0.042393775,7.213627118,-0.612386979
29.03131359,0.20168108,56.38938741,2.383047914,0.304592316,3.296314852,9.532130736,1.34218711,12.73094655,-0.144737684,24.69716926,704.8117498,17.21820903,4.117776366,0.192883347,25.14495358,0.074137912,6.167937291,-0.759508755
15.04092025,-1.589019081,47.93522125,1.978660378,0.131097526,3.647177983,8.270206057,1.218073736,5.64781845,-0.798893625,21.25319982,593.1633499,12.56889075,3.543669261,-1.112339065,10.07150048,-0.089904683,3.738238277,-1.400082219
27.86898571,-0.323306871,52.24337151,2.086206307,0.376770173,3.309928611,9.746640988,1.237035692,13.42859713,-0.140937107,26.16431682,717.1194348,15.10912591,3.70342564,-0.416693967,21.10862812,0.020846286,5.590889255,-1.241306018
27.68038492,0.043989727,48.15579968,2.088517492,0.383933299,3.591907113,10.53221157,1.214535168,16.21008142,0.014320158,28.11570567,747.7282751,14.78572063,3.416668733,0.045570324,21.87298517,0.082790225,7.166830369,-0.070031202
23.8025373,-0.24960653,54.80197811,2.245618551,0.360011439,3.185469031,9.969912661,1.260139001,9.88600047,-0.258004008,23.34317783,724.6355572,15.97846927,3.969456344,-0.570549319,15.80786868,0.003781142,5.29276893,-1.197808657
28.88900048,0.025448343,50.61354916,2.098944344,0.386535617,3.164097084,10.2961705,1.176625586,13.35227122,-0.302744547,27.60211244,740.7191637,13.96754899,3.446601824,-0.360551001,20.13978919,0.020650206,6.540693808,-0.580553594
23.06582834,-0.405783249,48.08688837,2.029902805,0.351190465,2.995497621,9.833988727,1.223383999,8.559206592,-0.408204359,23.09093332,704.4529469,14.88571539,3.799681014,-0.644144211,15.79555075,-0.005534668,5.845304808,-0.925692187
23.95397807,-0.568028869,43.96673101,1.912021981,0.331993097,3.540375994,9.993861711,1.166938554,13.7930515,-0.454883451,27.2773683,698.6590908,14.11505871,3.08462456,-0.538165943,18.7079845,0.043412846,6.58339592,-0.538494002
25.13789661,-0.193901751,48.7942097,2.043535471,0.389019715,3.057738456,10.15177765,1.235972376,11.1036609,-0.184981333,24.46020788,726.8068041,15.73116883,3.891461008,-0.548379881,17.44249616,0.037404533,6.15276323,-0.9423972
23.13691426,-0.754635509,49.73648382,2.065682627,0.396904606,3.137010178,9.548840937,1.23237267,8.820115173,-0.420158346,21.72116814,625.5557188,15.24385293,3.788462885,-0.045050507,15.33674315,-0.010952331,5.424560014,-0.708060141
23.09219632,-0.528474199,46.16437641,1.987133328,0.311652627,2.914054882,9.509702406,1.234442356,9.009448345,-0.441147622,22.38846144,677.800579,15.20378479,3.739178999,-0.883916323,16.8750108,0.008096435,5.631063822,-0.86519412
27.61429944,-0.667472638,49.32449352,2.072446902,0.455866395,3.278965068,10.11036883,1.289840289,10.75431996,-0.304252839,23.00320351,704.8457796,17.96753707,4.005802098,0.135415967,20.88094801,0.05960848,6.305895701,-0.269852531
17.23147166,-1.762198703,47.43727792,2.020240904,0.263495156,2.786562879,9.309377444,1.248471317,7.354257492,-0.384037556,19.41082885,554.0230662,14.82955573,3.87210198,-0.801865116,16.50363715,-0.033274034,5.233819576,-1.306835314
20.94880918,-1.263058931,46.19274268,1.995205783,0.257964547,3.221123704,9.086882191,1.239135659,7.946061916,-0.52526812,21.10116808,614.914103,15.79436869,3.682776807,-1.348434335,18.49993915,0.007288387,5.022463074,-1.504567116
24.06174891,0.822890823,53.90649514,1.785391992,0.347257553,3.384039937,10.88188897,1.257128677,11.91858028,-0.763811121,25.93041227,676.1709126,18.43253772,3.457159927,-0.350342944,22.19115768,0.075140367,6.350378664,0.007371178
25.86189936,0.496041954,51.12505891,1.808933454,0.314985498,3.421813862,11.05563569,1.157973417,14.45111563,-0.85936645,28.47701334,759.8549414,16.9819612,2.535450899,-0.511425953,24.23758542,0.030787159,6.820518031,0.367287506
26.19883235,0.265622872,49.0353035,1.771790566,0.361684916,3.274259758,10.47385778,1.250400641,10.87925766,-0.783369125,23.36645644,666.6530991,18.41200803,3.422390243,-0.741857365,25.73852503,0.008993927,5.753591813,-0.860221001
28.62496619,1.46656538,57.30575717,2.028270406,0.471434404,3.846525914,11.47311314,1.295781673,15.60712773,-0.314607268,29.19938562,822.682484,18.95478645,3.800443174,0.647583767,25.2370167,0.090813189,6.912453951,0.451880265
38.3771885,0.902547081,64.35360979,2.800275357,0.475903408,4.373813338,9.852219866,1.335222026,16.07440354,1.132494932,28.54995664,797.1459744,16.22393422,4.525391605,1.262411461,25.14485453,0.068012918,6.635547249,0.219121257
30.57586328,0.064365244,55.59612618,2.547809171,0.437041564,4.734077089,10.18040426,1.19780917,19.08343194,0.225892178,30.55917766,790.359768,12.93151727,3.352345613,0.893162086,22.16991485,0.045512071,7.164204284,0.23609826
34.13430356,0.750644137,58.54737714,2.758751752,0.360420184,4.041430256,9.281125089,1.366512148,15.61873408,0.391021232,27.52391239,744.6800946,18.05703621,4.37172288,1.03499548,25.92734166,0.061678993,5.939920352,0.263798476
31.66563555,0.510285627,57.7064998,2.540979696,0.430594928,4.365549118,9.901542492,1.346119167,15.36674031,0.364791377,28.26516566,764.2385548,17.48212116,4.106354251,1.323015284,25.85649618,0.086510197,6.568209648,0.177295678
35.621355,0.862782812,55.14989983,2.616434943,0.431327628,4.602213751,10.20321588,1.40509843,15.53613654,0.42159871,27.55361437,783.3960363,18.4624477,4.364838617,1.655077527,28.28087789,0.130584811,6.068424423,0.505424255
26.45552104,-0.314901865,54.9424401,2.511533097,0.083411653,3.359844742,7.531173359,1.306319374,11.67412124,-0.821079595,24.81288123,625.4143722,14.72050319,3.421910465,-0.093290777,26.23573736,-0.048171222,4.977485262,-0.971047764
26.69314949,0.090786706,57.30158401,2.658125133,0.08212323,3.209851261,7.192752166,1.317255974,12.04698608,-0.653144391,25.00771774,686.1911036,14.78400845,3.494050448,0.110660634,26.3600772,-0.069102495,5.018017223,-0.691367181
25.99086528,1.103024632,57.27231165,1.954453622,0.369658119,3.430740714,10.92253172,1.321370347,11.7949248,-0.635281225,25.50068083,662.81827,19.66906812,3.840819262,-0.150430497,22.63774498,0.076525909,5.921203974,-0.28257015
51.5329451,-1.161744799,31.44949166,1.873617572,0.382714322,9.089428001,9.053521839,1.471614234,17.68722584,2.094496493,34.85037179,594.3394613,20.82252913,3.660637369,-0.138410984,28.16002634,-0.015969206,6.768102405,0.739206071
56.85780621,1.071801222,45.26065006,2.24593176,0.578473592,8.310006666,10.24965576,1.566027879,23.01048161,2.57541212,36.97617385,771.7663935,26.60343276,4.902902092,2.164327061,35.30205362,0.090597158,7.142567891,1.70243348
44.57979538,-0.372293023,45.55573816,2.363080114,0.506651896,9.584508253,10.01797298,1.438070136,25.39933454,3.030571396,39.97048437,760.7841875,25.54092258,4.742525148,0.964801146,31.87019382,0.068613067,7.069290668,2.96212888
47.97279361,0.873984567,49.96876206,2.530519438,0.670522161,9.264750241,10.53308495,1.548290344,25.17362384,3.36745823,39.42386771,883.9303578,26.67860369,5.236741344,2.489551096,35.45545451,0.121156523,7.398648578,3.095780909
33.28683669,1.155697782,57.40476513,2.125079338,0.53092259,5.737548519,11.21742351,1.343298806,16.47520379,0.588384002,35.13683351,853.6060226,21.35162427,3.823854003,1.217112729,30.17307662,0.045399306,7.665567519,0.942824095
35.71077241,0.395299294,55.65828,2.278975229,0.540953491,6.973901845,10.81801319,1.396982784,17.80827992,1.513031101,37.78782929,861.5619898,22.46707387,3.994623388,1.430885431,33.21735041,0.047287462,7.603882893,2.173668955
44.4935739,1.176470244,60.88166035,2.431704833,0.554843835,4.856833321,10.650568,1.493930606,19.47727999,0.921503261,31.22783499,814.7021127,23.38403422,4.770578794,2.095440138,29.96236189,0.133019965,6.680694509,0.911613961
33.5931843,1.631683801,59.18574521,2.231271173,0.524938532,3.963866296,11.29389338,1.391229052,15.62583945,0.064708245,28.14909186,813.153531,20.00730407,4.172264644,1.427716394,28.62527796,0.115791018,6.710077111,0.409245283
33.54147549,1.506635167,57.63237759,2.185772882,0.416596142,3.893717579,10.91319884,1.423491145,15.75464741,-0.190729649,26.43070463,741.9875724,19.2706003,4.180206473,0.591761768,31.95927799,0.022465275,6.172492765,-0.322847704
29.50663247,0.895395025,55.11845581,2.185047431,0.414457584,5.756732773,10.98739002,1.385936513,16.51122918,0.164879752,30.35716159,830.6526169,25.18661674,3.581567091,1.055888871,35.04526092,0.077730547,6.78900941,1.571427202
29.8659371,0.437667771,53.24041658,2.151761007,0.341792952,6.659974042,10.84178513,1.357546324,16.67506049,-0.254490328,30.17344533,794.7216553,22.09575877,3.404934142,0.651021319,33.13715829,0.118925856,6.552641399,2.046409446
28.67302296,-0.191844907,61.57120036,2.466865142,0.331905047,5.516332013,10.19565743,1.245237732,19.15672459,-0.604294277,30.12604658,771.1950291,16.93398427,3.336018958,0.692278857,25.99547492,0.050332682,6.771180776,0.777570027
27.95971738,0.65623086,53.81677038,1.877374641,0.460097006,3.732145328,10.88606736,1.274511206,12.40531877,-0.343353449,24.62155987,738.4533624,22.01044123,3.574698942,0.076127851,27.06172856,0.062382779,6.537736686,0.441264049
26.77837639,-0.496075497,52.05256122,2.104612176,0.430553032,4.292844491,10.12022761,1.289829812,12.86002022,-0.493445022,27.74349721,712.1029181,18.2659709,3.93999612,0.33446422,20.59200098,0.087813787,6.847915677,0.154685884
23.13824612,-0.539571264,39.59426503,1.76854461,0.370572897,5.857075924,10.50853563,1.324847126,14.5360916,-0.403285869,29.48275878,660.1160849,20.69665331,3.9114454,0.400651997,22.76421926,0.127479577,6.689133739,0.912487667
24.55159834,0.086658893,47.47156802,1.730814323,0.36997576,3.969150734,10.67015624,1.261503847,9.57715835,-0.610746509,21.31681012,670.1626063,19.78511079,3.455036721,-0.433414291,24.1154567,0.102120412,6.355966237,0.530762344
20.86542461,-0.290653193,52.6803166,1.876900548,0.315216268,3.295051402,10.18268106,1.240627059,8.002045835,-0.735588718,19.06931395,619.03454,19.33608145,3.367224097,-1.353415723,23.99905377,-0.051859949,4.772883488,-1.415995533
38.49222461,-0.135939462,54.49698663,2.247102618,0.340267334,6.1435389,9.795706378,1.427622164,22.52785821,1.27208407,35.75112687,709.8441719,24.46196688,4.0874875,0.460160805,35.08947419,-0.064759525,7.387010985,1.294674296
33.60762991,-0.071324244,54.93352509,2.090364814,0.327513912,7.001977394,9.605964754,1.346724928,17.97883924,0.525147617,32.95619134,620.3228701,19.28799593,3.442494698,-0.081713528,31.55611261,-0.072076871,7.102958093,0.809723657
31.52481411,0.261231753,56.10257126,2.177844654,0.289297935,3.874109835,9.984497656,1.39075577,20.38680286,0.098058175,26.16344409,669.3737391,17.84624571,4.046315642,0.163367113,32.54850155,-0.039122423,6.756010118,-0.03543839
28.15250022,0.143791322,56.58513898,2.023785516,0.336544749,3.786946042,10.05631446,1.327413964,15.74828453,-0.042881849,28.21616263,690.5708091,16.97390428,3.213581903,-0.630605203,29.23767706,-0.02538687,6.802039134,-0.100091185
38.41015016,-0.195085128,50.22421429,2.330411817,0.288346956,5.989327931,9.609800614,1.448821051,22.86343929,1.593583035,33.10303043,664.1196496,24.42647857,4.28078083,0.905559469,35.47197921,-0.076123739,7.054346948,1.339919291
34.54488036,0.157404083,58.97006687,2.229602606,0.260949599,4.011885907,10.38421306,1.347829754,18.89965522,-0.223055453,22.98168776,653.8630097,17.2452286,3.981455181,-0.052959855,28.9540631,-0.085481766,5.274799791,-0.522689228
54.15722976,-1.933312874,41.7522822,2.249355172,0.262748072,7.745085578,7.434421348,1.326592262,14.67365935,1.834579973,29.59262014,408.1959008,13.74662824,3.697016826,-0.671072953,27.43307823,-0.199558672,6.56044658,-0.675452613
44.95071254,-0.967527419,52.79256105,2.415614642,0.349838432,3.915916465,8.625515675,1.379790354,16.65341358,2.500026461,28.67912014,554.5630847,15.48200753,4.457624637,-0.004944223,28.93639091,-0.043081628,7.013507071,-0.425018056
38.04158505,-2.137805469,47.88685346,2.415737812,0.33018944,6.440000004,8.469857184,1.438677316,15.29075935,2.16591205,29.16771185,522.9145385,14.06469499,3.886464014,-0.380357852,27.65065649,-0.157516723,6.648431424,-0.480514904
56.80761244,-1.434039951,49.29430935,2.226440628,0.485406494,5.965995105,8.794162033,1.336107365,15.37460223,2.416351328,31.74105105,607.2095635,14.73468204,4.093649981,-0.216009823,23.96716655,-0.072376405,6.827275228,-0.466629089
48.42283308,-2.298173361,36.68130578,2.048832897,0.285412927,9.205263047,7.836323148,1.365354046,13.33743153,1.906767626,30.74234475,480.8728037,16.38910848,3.452562177,-0.77945271,28.98778363,-0.172504495,6.2328248,-0.759892525
44.38004047,-0.539191462,54.95098669,2.46762245,0.409699239,3.787815517,9.69372399,1.374852728,17.3458276,2.110685964,29.99807805,665.0430699,15.31442064,4.30361588,-0.105555438,26.22422172,0.004720531,6.551434931,-0.257111737
48.43207689,-2.832149356,18.15626675,1.734513554,0.039250074,6.066561335,8.015200089,1.151926577,8.169349225,-0.65502878,31.13622002,315.32161,13.54342879,1.998742724,-2.381048078,9.350208777,-0.197802281,4.903314845,-0.363788407
22.85819399,-0.226045524,57.53680947,2.560878012,0.117402937,3.146678879,7.594794365,1.341228046,10.35367582,-0.553834818,23.33184937,685.5893447,14.60100752,3.610964168,-0.192682426,23.5411789,-0.098776244,4.645962291,-1.128061522
25.53811058,-0.458418117,57.88809112,2.550103584,0.188522331,2.965498348,7.954543162,1.325178764,11.43253116,-0.532095455,23.69453531,639.2066807,14.59154192,3.536346965,-0.346941725,23.83236477,-0.084388137,4.783461674,-0.993681955
24.16630607,0.146177701,59.92979102,2.411282436,0.351103154,3.069257644,10.09739839,1.347089288,10.84575858,0.052066519,22.75916245,727.1327292,16.92899776,4.282609671,-0.09395559,18.26278028,0.019455494,5.73241721,-0.982995538
27.2285399,-0.75701661,54.77942953,2.314645973,0.181644388,2.996017806,8.064798063,1.280685857,11.88874342,-0.564571872,23.78049664,641.6019217,13.95186628,3.532394635,-0.813553662,22.56324497,-0.072066236,4.960506076,-1.590980585
32.87033362,0.558466812,59.63456599,2.400482535,0.506966624,2.96159019,10.92927662,1.32305264,15.20000072,0.391494831,24.9951277,780.9167241,17.445104,4.305024754,0.55134678,25.35953454,0.067410004,7.006816558,-0.511048758
28.21043828,0.2125376,60.16972148,2.344591337,0.437436758,3.006313279,10.36733421,1.29281901,14.1252112,0.050451982,24.62883675,736.1555986,16.36276154,4.166805023,-0.025993938,20.70115404,0.033377643,6.404424499,-0.918997873
37.9261431,-0.228457974,60.21856839,2.716063599,0.453641795,3.50371673,10.1048091,1.380132275,15.4873716,1.87622471,27.78461109,691.551212,16.09117029,4.303905264,0.260493355,24.90537155,0.054055926,6.404989995,-0.328884149
32.6242867,0.018822826,60.31033508,2.724353363,0.464074937,3.57166326,9.625790645,1.346496594,14.44456965,1.529512136,26.74007707,713.2011268,16.22629058,4.398138348,0.362969384,23.7676703,0.049454323,6.053460389,-0.463386167
43.85096019,1.240880239,48.83689666,2.053511483,0.550648832,7.084621388,10.74971573,1.423959464,20.6275603,1.844618889,36.74584198,824.8700848,23.97515219,4.172934925,1.327723955,36.19212036,0.051061265,7.6417097,1.198661156
30.28604168,0.393951364,63.54169477,2.295365913,0.249202826,4.07237732,10.34603696,1.383656296,16.51533715,-0.189582564,24.79092324,745.6210719,18.00907937,3.867337525,-0.345863675,29.68712868,-0.029427018,6.068229509,-0.234593952
28.32388958,1.068311638,59.62962168,2.290120688,0.248787352,3.871552689,10.66819791,1.43495726,14.69548161,-0.224389585,24.74721119,731.6374395,18.5672446,4.437654985,0.181264923,28.90106063,-0.011782011,5.83684573,-0.27390077
35.92727542,1.521859022,57.74750693,2.23918874,0.359861128,4.234141658,10.71475954,1.427704323,17.35606255,-0.150329568,25.65424143,777.3157862,18.89364058,4.118995587,0.323094544,30.28006595,0.005334939,5.910126476,-0.123039442
28.62852527,1.424490092,57.57174456,2.248665344,0.387824886,4.259409367,11.01963691,1.411021071,14.35297365,-0.150543959,26.51809275,733.1157502,18.8924312,4.447283863,0.423725745,27.28464687,0.054640575,5.961398452,-0.254471296
30.68016886,1.482408349,58.70044559,2.224505428,0.323650174,3.953773049,10.50925292,1.410283122,13.99886821,-0.401699023,26.33129876,723.3864831,18.21297932,4.113906958,0.31898314,28.48644321,0.00933266,5.847871287,-0.403542452
27.21772024,1.338908475,54.33420908,2.059152835,0.426917665,4.149460019,11.1386138,1.348403369,14.40760068,-0.426492511,27.42604606,736.7503573,18.6073164,4.088672153,0.278655799,24.8294189,0.067071807,6.012297088,-0.268513631
29.93275228,1.400489792,53.36960876,1.969034594,0.459448185,4.127220836,11.4966894,1.292980726,15.17654867,-0.435129424,28.41495098,794.5318079,18.4976585,3.825518119,0.624839512,24.6537674,0.079159471,6.540069209,-0.008606983
34.51837884,0.998379173,56.53996606,2.175981506,0.294765811,3.87086528,9.853824621,1.368135292,13.53773064,-0.538241031,25.16686441,703.2658137,17.35231296,3.739289961,0.18859024,30.55696605,-0.058983078,5.744297252,-0.662701442
27.69023471,0.96911222,55.93433455,2.058044671,0.307481928,3.77211384,10.30403543,1.32448939,11.93361673,-0.792557681,26.35296338,710.3753293,18.79851613,3.939559121,-0.031260021,24.66578821,0.004834002,5.690750765,-0.74056747
26.04295499,0.733068683,52.6192535,1.873208904,0.448437925,3.84788311,11.58342264,1.212431246,15.10824824,-0.608597682,30.04622726,794.8373879,17.07552296,2.878943032,0.390607209,25.07877347,0.038109716,7.199209831,0.189212541
30.54326974,0.962334021,57.57125417,2.126720895,0.244171836,3.566172377,10.07638442,1.354830262,11.70540056,-0.731454511,24.5775709,674.7800413,18.12520928,3.945367417,0.163104544,29.34344479,-0.049477923,5.519339407,-0.815603681
26.18306445,0.698384576,55.24581942,1.951246083,0.270989758,3.204579697,10.05906188,1.280227282,10.72112672,-1.002571121,24.11969748,667.374817,17.49237534,3.703247371,-0.346270863,25.00390595,-0.032482473,5.097825609,-1.094213825
25.82685864,0.975168712,53.91386991,1.885428175,0.328277264,3.12229314,10.67633941,1.290174771,11.08927589,-0.823579356,24.57500122,662.0398345,17.34470389,3.56603092,-0.27799609,24.84290479,0.021341781,5.65679813,-0.638816574
24.65705376,0.354703314,56.45440044,1.945898993,0.244098543,2.970319869,9.580137162,1.244874691,10.09056838,-1.116444895,22.82283534,641.6490118,16.14177655,3.413218139,-0.60772105,25.04777655,-0.089975613,5.613891476,-1.343244442
26.32542144,0.406305202,53.15234196,1.877515718,0.385858412,3.013680858,10.47843189,1.241708276,13.08243872,-0.687685525,25.17211649,688.4440829,18.02508313,3.36131041,-0.470959624,26.33856905,-0.017550698,6.057031267,-0.67171518
25.1545369,0.352255319,51.50572274,2.140664778,0.518332222,4.258322038,10.33738496,1.215405022,13.16567804,-0.355458673,26.33925918,788.2660455,16.9557516,4.016697406,0.539905101,13.04863503,0.042743478,6.916207368,-0.230677822
29.41509033,0.328940671,55.36245825,2.299880865,0.583191918,3.778501736,10.58780022,1.293161465,15.63952533,-0.119296149,26.22909383,816.042161,17.88839523,4.382210514,1.210608017,19.87901734,0.06855704,7.274023945,-0.036031369
16.06855564,-2.281514755,41.00712585,1.427539352,-0.006364162,4.792631297,8.220202303,0.916541033,10.83149031,-1.861360057,30.53191325,755.4984181,9.997580005,1.335863555,-2.41458969,8.87702083,-0.131827495,5.562936596,0.192983427
21.27996589,-1.489804904,36.31608829,1.722417882,0.145880011,6.785477735,9.723365188,1.221687689,15.02906523,-0.831041748,31.62838542,737.2073061,16.54226868,2.19218975,-1.085716412,22.07045266,0.012265475,5.748087618,1.175130364
31.61281604,1.098873829,55.22767097,2.185826206,0.494099343,5.002957449,10.91177759,1.428192049,17.51472264,0.42840269,30.31543879,848.1331984,24.11885367,3.870554176,1.540417696,37.98869353,0.064686268,7.11353355,0.957233973
28.99363517,0.924393533,55.49195613,2.00540373,0.498530406,3.339011325,10.80304566,1.314840456,13.3355673,-0.077775382,24.90102475,754.1935315,22.30837847,3.847730501,0.509590688,30.1839681,0.027172581,6.705589659,-0.151796151
31.43652751,0.29236111,60.3085766,2.641764814,0.438531692,4.295150155,10.01783206,1.284269047,15.71325529,0.460773889,29.15050721,789.9973156,14.89570585,3.79909951,1.16476619,24.55710643,0.04125955,6.775230115,0.138234026
34.26815573,0.854097296,57.40968659,2.49286054,0.449991664,4.032046544,10.06816882,1.324628214,15.91797695,0.515577023,27.94930974,780.3495073,17.33068937,4.437762583,1.134044476,23.54058758,0.041106145,6.779995578,-0.166725316
32.61210206,0.698708796,57.59782169,2.628151636,0.448109436,3.873863515,10.14934959,1.3437612,15.64365191,0.610888807,27.82415518,782.9749449,16.71887265,4.292100039,1.117797325,25.84941168,0.041263975,6.683463535,-0.215230038
31.89925403,0.638804012,56.95420227,2.641654078,0.399501604,3.558179704,9.91515814,1.328872018,14.94854169,0.344778426,27.19595927,752.2723916,15.41258696,3.804419952,0.884241529,27.40804892,0.0325809,6.538260654,-0.231896365
24.60056962,0.194660191,58.15214213,2.594127878,0.18834277,3.19601221,8.565255038,1.355653799,10.90862008,-0.292679711,23.77232607,697.0480771,16.10131704,3.943803496,0.122327214,21.96346569,-0.051806187,5.102215231,-0.612337229
41.83667089,-1.270581972,53.44863958,2.552053597,0.439328659,4.729239665,9.231656438,1.431516836,17.83347937,2.349144975,29.24278048,620.6508905,16.1986444,4.089692001,0.005318338,27.20851349,-0.03485709,6.686224023,-0.269936797
35.92189173,-1.025223835,60.76873696,2.686257909,0.387576978,3.714184613,9.061428873,1.398493476,15.14090755,1.678447321,28.69666426,651.2933017,15.3290687,4.057619562,0.142498233,23.63270872,-0.015405396,6.502074144,-0.519419461
43.27739404,-1.701754401,49.34672252,2.506382556,0.365789913,6.996690445,8.564906851,1.391250043,14.20711496,1.882241503,27.50622601,576.7256031,17.27510943,3.813149806,-0.134839863,25.94036234,-0.096626006,6.257468426,-0.36644587
46.33142661,-0.344412061,57.77642468,2.635123439,0.555462482,4.914170327,10.0549053,1.412617955,19.73571132,2.126214803,30.26235256,777.6260631,16.77826839,4.337097563,1.080213182,27.89449046,0.052435896,7.026298633,0.747024254
40.92574344,0.401753555,67.72044076,2.83709563,0.462980946,3.996175267,9.958489937,1.397911784,17.80897934,1.688777075,28.46840903,758.5258959,18.08180011,4.857607591,1.338195589,27.26206512,0.071312734,7.047397418,0.005262926
37.06335941,-0.437169659,55.92448265,2.456736541,0.400231367,4.645933733,10.00853742,1.200558106,19.97332748,0.62280048,33.38844743,750.1312211,13.51834354,3.111081727,0.183936089,24.28334809,0.009862812,7.285063894,0.393484666
36.66177449,0.899459212,67.83783113,2.846675364,0.482515804,4.130332014,9.854729005,1.371596882,16.31807921,1.622753631,27.96461064,771.79167,18.05843461,4.756748988,1.244651519,25.49958303,0.081590543,6.75313957,0.074171543
33.48532628,-0.010788728,56.56683512,2.512203919,0.404221195,4.935006397,10.35822622,1.162671079,20.35736267,0.714672614,31.59055457,782.9618161,13.04989905,2.96921351,0.580067176,23.8899485,0.021323872,7.368342353,0.40275985
36.17532899,0.109078235,52.94307971,1.991311341,0.397829135,6.412949575,10.00968272,1.375840886,17.01812081,0.682706591,30.76911741,675.5127839,20.50850216,4.018421914,0.3696993,29.26210139,-0.007659578,6.584514692,0.328580404
28.31359864,1.071125196,60.23346922,2.124818095,0.440460876,4.703124958,10.49748179,1.29502729,16.62567495,0.011398581,28.86583913,807.4575041,18.61774838,3.415646614,-0.013497675,27.35547321,0.031551289,7.175844123,0.499822523
25.78730637,0.486486167,56.83058935,2.151308654,0.405536566,4.42391836,10.62735617,1.346327909,13.7018201,-0.101488373,27.26232543,681.0036438,19.18845979,4.168308302,0.097481834,24.76863451,0.037682469,6.413832279,-0.206785665
27.90721796,0.848180045,56.50778133,2.107507794,0.445396275,4.213446251,11.01462175,1.377656719,13.15511657,-0.201554612,27.26010185,711.144226,21.41788927,4.313737683,0.537658059,23.78487275,0.086918653,5.819992418,-0.333268416
39.96740002,0.439798344,53.96308386,2.276998436,0.486567554,5.421009785,9.917623496,1.473795356,22.58454466,0.65113671,32.05434346,861.3442992,23.32269849,3.99039438,1.23103604,33.7469093,0.011600368,7.118733864,0.464413013
35.67651451,-0.091078448,56.01931704,2.126572339,0.293333132,3.958235723,10.34770856,1.403374473,15.39554394,-0.429932085,23.16552195,630.8217698,17.54199864,3.877662708,0.098357004,26.57519879,-0.098625218,4.963779759,-0.809863352
34.64225288,0.479932099,48.46745192,2.178964242,0.476079135,5.952840464,9.843415917,1.44840747,20.16157543,0.289578644,30.89155351,891.6404315,27.64811555,3.487961729,1.186075552,37.26971099,0.028985979,6.81747837,0.513178951
36.25051761,0.959297148,53.75948143,2.187933264,0.530649868,3.967304067,10.73674506,1.443159174,16.95853057,0.209995988,27.21685254,792.1960806,22.82569519,4.110796273,1.349648925,31.85987725,0.044081086,6.746653098,-0.082485503
35.69625707,0.062357562,55.03937672,2.164191116,0.126972053,3.97980079,9.138810447,1.32572773,12.07266724,-0.965090393,22.53831823,662.2313717,15.9216242,3.310702062,-0.363289125,26.37992718,-0.173436951,4.424314482,-1.239686275
19.69518366,-0.898319618,35.54728649,1.764334076,0.269078028,6.758013538,9.30672154,1.308935881,13.89204233,-0.441936923,31.64361103,712.0317228,21.41184402,2.437253567,-1.167947413,23.67773029,0.010120646,5.502237788,1.112477737
32.19644202,-0.0546288,55.57111936,2.059153299,0.323802122,3.324552359,9.617062709,1.328659673,11.60871985,-0.517214696,22.10678879,587.9728011,18.47423843,3.5775681,-0.112631245,25.9363163,-0.113764999,5.270346979,-1.346339654
32.5420793,0.264454277,56.53120383,2.126208231,0.288480595,3.397934585,10.05161568,1.318909138,10.91086353,-0.559362501,22.69605404,693.0280546,17.75131537,3.568592784,-0.178560389,29.19533823,-0.098748744,5.077414247,-1.318307052
30.18987334,0.623019796,56.99250705,1.999907818,0.477032155,3.112248853,10.43963068,1.322804857,12.47519504,-0.14763857,23.68887394,689.0338777,21.4229807,3.845417708,0.30063084,29.59621193,-0.03547165,6.464713459,-0.667452635
32.31552354,1.25870864,57.19202078,2.04908133,0.46614775,3.299445335,10.95597871,1.359541268,15.15783856,-0.339828038,27.13015482,775.9226369,19.5774939,3.72143894,0.466340542,30.55950145,0.018880121,6.697331537,-0.353294806
23.95276353,-0.513585229,57.44639894,2.059844754,0.20468218,2.986392194,9.458888671,1.240829543,8.57432733,-0.906912428,20.4554906,612.0781515,16.42861806,3.185965785,-0.914649259,26.4031135,-0.156873253,4.956251059,-1.872873127
27.70589451,0.706403248,55.6264839,1.936004664,0.373593488,2.918484181,10.42995467,1.288650938,12.81707038,-0.686991765,24.39876578,697.6873945,19.49347518,3.627640827,-0.149520027,28.67688708,-0.048424952,6.153104239,-0.773458822
23.61380972,0.08780242,56.37168172,1.982935676,0.367962682,3.158799431,10.39915921,1.264728464,9.044944092,-0.604265582,20.09762345,658.251113,19.70604897,3.474507642,-0.75577348,25.92406605,-0.053515518,5.802701709,-1.083098771
22.44007909,-1.300629943,49.77511992,2.118142726,0.32140721,5.534676524,9.22213595,1.125815288,18.75313648,-0.982744095,29.90080349,793.8102187,15.13861371,3.045292386,0.01088326,14.1003905,-0.072267475,7.212214882,-0.653872777
18.1048515,-2.438669818,39.85220471,1.441851303,0.137218745,3.925098858,8.578353604,1.002843803,13.94579233,-1.655179662,29.94724067,685.1464609,11.53729343,1.79121891,-2.257056892,8.625833743,-0.152131593,6.076644069,-0.492850352
22.10288524,-0.400366173,53.86391814,2.266206705,0.476847315,5.368944449,10.3626197,1.1781815,18.16426277,-0.571203897,30.2939415,826.2072676,16.438805,3.701031384,0.517441331,13.36397683,0.020098252,7.540160224,-0.38089227
29.77772102,-0.211150183,59.33803093,2.316035262,0.435175605,5.367009316,10.03813056,1.218532505,20.69539339,-0.65770649,30.34715148,875.3586709,16.56697698,3.62166744,0.930304689,20.6751782,-0.013208181,7.258766925,0.392705123
30.26304733,0.803420772,61.15261676,2.458207243,0.633266467,4.7878235,10.65073612,1.310859121,20.1579034,-0.175920551,28.98393873,924.5353764,19.53678731,4.646877698,1.843404961,19.8740985,0.075812984,7.676518063,0.182203275
31.00927178,-0.002291096,62.54642612,2.52160542,0.426852139,5.720722873,10.55640323,1.249753288,21.47730405,-0.520679385,30.53793636,883.4754416,16.77445683,3.534250869,1.129286455,26.02325376,0.024057055,7.206629718,0.775706154
34.40815615,0.19908714,61.67988662,2.532997251,0.324954557,6.72042223,10.75357619,1.288190535,21.42241198,-0.364604937,30.84834917,879.5680047,19.35467381,3.505973489,1.618973061,30.48065898,0.069741288,7.123374556,2.109009592
25.63909018,-0.222191898,61.06972179,2.423518138,0.475817925,4.688458871,10.4520273,1.263214811,17.90660799,-0.446535232,29.99295477,752.3850345,17.44316523,3.876105212,0.835163282,21.61287603,0.038674334,7.230934103,0.400114832
31.25252451,0.194256879,55.81725032,2.330846674,0.574119724,4.292397572,10.73675522,1.369389344,18.88455972,-0.014303933,28.33635998,826.3772907,19.92951985,4.465417728,1.426400471,24.8592953,0.079404931,7.344586499,0.464067239
68.70179174,-0.768132232,14.0588411,1.955410794,0.252003881,5.279761019,9.380141182,1.403723014,12.19052746,-1.125720216,35.76453566,486.346476,16.59587209,3.017629365,0.232159045,11.39124785,-0.067637067,7.402599701,-0.930345783
32.04935935,-0.829641796,20.4400146,1.650689807,0.275693521,3.502002095,9.910518851,1.28148418,12.30248922,-1.215976446,33.83667072,582.7159078,12.51808879,2.399787391,-0.135442066,9.846000468,-0.055389534,7.459053555,-0.914686937
39.02661534,-0.234206652,19.92694343,1.751055974,0.300922872,10.02080501,9.217361414,1.403612425,20.09793712,-0.797994789,37.72909229,513.4497856,21.17467389,4.455919339,0.09951345,42.62459777,-0.023532563,6.704616734,-0.821711793
39.58363887,-0.145973922,12.37331847,1.424406995,0.175293872,8.969433013,9.574234472,1.406963269,16.36008142,-0.69172999,41.99160127,387.4662015,30.00488614,3.550965003,-0.318742138,40.37392127,-0.050516258,6.456383756,-0.71070999
8.447737593,-0.863164402,6.415652469,1.232952844,0.089185027,14.69080765,16.16559654,1.069229164,13.00838658,-0.951732644,32.09657391,352.9934838,15.1330551,1.237762852,-0.483642421,32.40261557,0.114412438,7.873746978,-0.938500942
2.895627745,-0.516652618,9.901678409,1.510684881,0.16585337,19.25680529,21.7788876,1.042738722,15.91070765,-0.592410199,36.24747023,337.1788277,18.65180337,0.897243107,-0.292534679,47.02139879,0.49839265,8.826913951,-0.413643184
3.328387457,-0.608139163,14.15451412,1.479550159,0.15305565,15.2034548,23.54593363,1.068997134,13.0876439,-0.36894869,39.93504479,366.6610675,19.15960432,0.85062188,-0.910747079,56.03408359,0.243464494,8.583919532,-0.65534384
1.536098316,-0.877253906,12.64473988,1.028251445,0.075153748,12.35375676,20.45325246,0.931679091,11.79296568,-0.845207944,32.84125212,346.9318307,14.46902206,0.701975346,-0.926678322,50.41511734,0.125694615,8.70139416,-0.684026991
9.932350684,1.732094557,16.31725716,4.905712181,0.822871711,14.58012131,11.92183544,1.466896119,58.84143613,1.198591737,76.3861618,626.259015,62.00636936,7.175032522,1.322549158,78.5889704,0.006780992,7.865584937,0.896834658
3.49398786,0.491935143,8.27063008,6.323311263,1.050087379,15.12151912,12.09779678,1.410229446,63.73794053,1.608415925,71.59459829,576.7273419,39.67943998,7.391203234,1.802587906,62.78040923,-0.074444738,7.825268159,1.237338762
1.926422212,0.892619884,5.072938622,5.010058357,0.605106819,12.70420993,10.54197022,1.621610449,39.08373263,0.072984997,58.26296029,300.0043366,38.37606729,1.8670452,-1.049428003,11.66853902,-0.034133481,7.139716254,-0.339043295
2.059897644,2.480840266,7.740624252,5.360210597,0.56254505,18.25798537,10.44897176,1.760729668,31.21750148,0.142037069,68.33084793,374.2679713,39.34080352,1.878672258,-1.211963802,22.52846774,0.012553185,7.834426483,-0.41859493
8.455104628,0.879528448,11.78367166,6.973647324,1.093959741,17.77000802,11.43416793,1.581406543,71.1681383,1.797529606,79.08887031,555.4051947,47.68194112,7.310761178,1.676509473,51.78181992,0.022637306,8.431172853,1.675308014
10.01820937,0.036873761,13.688985,5.725952308,0.943314483,12.79750869,11.54158623,1.464501728,58.15347498,1.226020107,55.94314114,529.2861581,40.75335815,5.221560927,0.678592392,29.39522362,-0.011060602,7.990986396,1.620701912
1.00457373,-0.179615868,5.617548239,5.721889065,1.07523657,10.55070183,11.77160162,1.221089708,62.62923189,1.430270779,67.45418117,344.8788825,33.99766606,5.85353225,1.013655909,48.86855654,-0.184100108,7.606460923,1.283072386
0.276846479,-0.918184657,3.620428863,4.971532385,0.828028089,6.44938542,11.61124608,1.045152044,57.32371701,1.004109228,53.19774292,421.6482183,26.42501513,4.185992355,-0.041726982,35.03612071,-0.263306167,7.307898722,1.228154446
68.34515166,-0.92488591,16.10194227,2.163647063,0.133217977,6.133094059,9.041177632,1.361653804,11.55616722,-1.17847381,37.1090842,501.3117164,14.74984357,2.726634755,0.070890398,13.95796733,-0.103856864,7.328615065,-0.943769476
32.16259006,-0.911858986,19.66532099,1.754265518,0.175944392,4.424945708,10.28482045,1.245089511,12.22214831,-1.224931747,35.33176093,633.2384777,13.1165724,2.187718773,-0.052840031,11.04009143,-0.042451892,7.957569655,-0.931194517
44.26768242,-0.190608475,23.77608825,1.982317027,0.277525494,11.81938316,9.041322145,1.444914972,19.20778815,-0.71304842,37.55181288,502.2244528,18.37902128,4.403192345,0.498963914,48.12412995,-0.051064822,6.886417651,-0.753098783
39.84745821,-0.356076623,13.04213864,1.330717062,0.02990938,8.968168889,8.774629988,1.35901744,13.55821493,-0.858071964,43.72325573,398.9943093,21.54102998,2.554959259,-0.665736141,37.45808511,-0.089750264,5.926759885,-0.859876241
6.494392366,-0.874790996,9.037477839,1.289038563,-0.077294517,18.57752564,14.51557495,0.97597659,12.34064344,-0.971557422,33.55739008,361.545121,13.23852059,0.981171662,-0.422359942,40.80823001,0.117598149,8.301677043,-1.006071623
3.208179368,-0.471386268,11.85792277,1.616765094,0.067928668,20.13431071,19.95632121,0.999556616,14.00579377,-0.57083956,37.74426243,387.9466149,17.85215627,0.801844635,-0.291369846,48.32601954,0.498570226,8.92112632,-0.312719211
4.184373218,-0.547544735,14.15147067,1.380135808,0.079080311,14.49509692,22.61850761,1.045146833,11.7048861,-0.343315169,41.46935154,393.1177451,18.13292964,0.81266801,-0.953914652,56.772991,0.260293156,7.934795404,-0.693966668
1.886301263,-0.940467904,15.07746415,1.148649572,-0.061967135,12.98382184,17.04466887,0.892253968,10.35488361,-0.942484523,34.32049152,413.3547423,12.38033686,0.58393976,-1.047233274,53.8310628,0.0746422,8.789307942,-0.706550953
12.90200513,1.419796432,23.39588742,3.693321746,0.616830057,12.33329254,11.40008519,1.392315659,53.56490254,0.716922104,75.25794004,685.6145209,41.44700772,6.613551952,1.282697089,73.49587016,-0.000529863,7.677992376,0.619187607
3.739566442,0.531341405,9.567280057,5.628110714,0.8759337,13.65994732,10.61037175,1.316965545,55.33572138,1.205162475,63.89931309,654.1568268,36.09874034,6.764274079,1.630761319,56.07250266,-0.116433022,7.399001987,1.226486327
1.511487864,0.918274084,5.876511504,4.646740455,0.254677907,13.38950478,12.04079698,1.629180433,25.91480892,-0.640901206,63.12622687,269.2983622,32.35504007,1.119021495,-1.661946349,8.802640418,0.015712344,6.782830799,-0.97114587
2.014628539,2.061655789,8.817036004,4.901502425,0.323698212,19.05196615,12.44619007,1.590870315,26.55930126,-0.206910205,74.77753754,407.1497819,37.96437614,1.602518596,-1.627362956,24.88113452,0.02889747,7.50318435,-0.835667308
6.089895923,1.105850318,13.56373633,7.369665441,1.147953504,18.89095751,11.59426041,1.530741138,69.02020169,1.614684449,77.68373317,599.5074812,49.40477974,6.71885038,1.661108438,53.85478827,-0.019684382,8.478393495,1.71598112
6.621244944,0.047846293,12.56270448,6.449010278,0.799895567,13.8995868,11.67384641,1.441570404,59.79390562,0.942070396,58.60591822,462.050976,42.65293875,4.112493456,0.229819688,29.48315418,-0.054258637,8.105454832,1.457454495
0.934227785,-0.35995605,6.031477649,5.169380965,0.759828948,9.37644941,9.121831409,1.114190573,56.99522639,0.973195591,62.84776612,389.490472,30.03352811,5.012836399,0.45216871,46.44238378,-0.259802593,7.095949973,1.017354542
0.229383715,-1.080115217,3.640329264,4.784215557,0.455169337,5.1027156,8.942018803,0.928263111,49.51762397,0.30826048,51.80425654,288.2614695,22.53532243,3.222679625,-0.558308206,32.37710965,-0.328082887,7.242617634,0.862794068
